<assembly xmlns="http://maven.apache.org/plugins/maven-assembly-plugin/assembly/1.1.2"
          xmlns:xsi="http://www.w3.org/2001/XMLSchema-instance"
          xsi:schemaLocation="http://maven.apache.org/plugins/maven-assembly-plugin/assembly/1.1.2 http://maven.apache.org/xsd/assembly-1.1.2.xsd">
    <id>zip</id>
    <includeBaseDirectory>true</includeBaseDirectory>

    <formats>
        <format>zip</format>
    </formats>
    <baseDirectory>batchsamples</baseDirectory>
    <fileSets>
        <fileSet>
            <directory>${project.basedir}</directory>
            <excludes>
                <exclude>**/target/**</exclude>
                <exclude>src/**</exclude>
                <exclude>**/dist/**</exclude>
            </excludes>
        </fileSet>
    </fileSets>
</assembly>