Aaron,Aaberg
Aaron,Aaby
Abbey,Aadland
Abbie,Aagaard
Abby,Aakre
Abdul,Aaland
Abe,Aalbers
Abel,Aalderink
Abigail,Aalund
Abraham,Aamodt
Abram,Aamot
Ada,Aanderud
Adah,Aanenson
Adalberto,Aanerud
Adaline,Aarant
Adam,Aardema
Adam,Aarestad
Adan,Aarhus
Addie,Aaron
Adela,Aarons
Adelaida,Aaronson
Adelaide,Aarsvold
Adele,Aas
Adelia,Aasby
Adelina,Aase
Adeline,Aasen
Adell,Aavang
Adella,Abad
Adelle,Abadi
Adena,Abadie
Adina,Abair
Adolfo,Abaja
Adolph,Abajian
Adria,Abalos
Adrian,Abaloz
Adrian,Abar
Adriana,Abarca
Adriane,Abare
Adrianna,Abascal
Adrianne,Abasta
Adrien,Abate
Adriene,Abati
Adrienne,Abatiell
Afton,Abato
Agatha,Abatti
Agnes,Abaunza
Agnus,Abaya
Agripina,Abbadessa
Agueda,Abbamonte
Agustin,Abbas
Agustina,Abbasi
Ahmad,Abbassi
Ahmed,Abbate
Ai,Abbatiello
Aida,Abbay
Aide,Abbe
Aiko,Abbed
Aileen,Abbenante
Ailene,Abbey
Aimee,Abbinanti
Aisha,Abbington
Aja,Abbitt
Akiko,Abbot
Akilah,Abbott
Al,Abboud
Alaina,Abbruzzese
Alaine,Abbs
Alan,Abby
Alana,Abdalla
Alane,Abdallah
Alanna,Abdel
Alayna,Abdelal
Alba,Abdelaziz
Albert,Abdeldayen
Albert,Abdelhamid
Alberta,Abdella
Albertha,Abdelmuti
Albertina,Abdelrahman
Albertine,Abdelwahed
Alberto,Abdi
Albina,Abdin
Alda,Abdo
Alden,Abdon
Aldo,Abdool
Alease,Abdou
Alec,Abdul
Alecia,Abdula
Aleen,Abdulaziz
Aleida,Abdulkarim
Aleisha,Abdulla
Alejandra,Abdullah
Alejandrina,Abdullai
Alejandro,Abdulmateen
Alena,Abdulmuniem
Alene,Abdur
Alesha,Abe
Aleshia,Abeb
Alesia,Abed
Alessandra,Abedelah
Aleta,Abedi
Aletha,Abee
Alethea,Abegg
Alethia,Abeita
Alex,Abel
Alex,Abela
Alexa,Abelar
Alexander,Abelardo
Alexander,Abele
Alexandra,Abeles
Alexandria,Abell
Alexia,Abella
Alexis,Abellera
Alexis,Abelman
Alfonso,Abeln
Alfonzo,Abels
Alfred,Abelson
Alfreda,Aben
Alfredia,Abend
Alfredo,Abendroth
Ali,Aber
Ali,Abercombie
Alia,Abercrombie
Alica,Aberle
Alice,Abernatha
Alicia,Abernathy
Alida,Abernethy
Alina,Aberson
Aline,Abes
Alisa,Abeta
Alise,Abete
Alisha,Abetrani
Alishia,Abeyta
Alisia,Abide
Alison,Abigantus
Alissa,Abila
Alita,Abilay
Alix,Abild
Aliza,Abilez
Alla,Abina
Allan,Abington
Alleen,Abitong
Allegra,Abke
Allen,Abkemeier
Allen,Ablang
Allena,Ablao
Allene,Able
Allie,Ableman
Alline,Abler
Allison,Ables
Allyn,Ablin
Allyson,Abling
Alma,Abner
Almeda,Abnet
Almeta,Abney
Alona,Abo
Alonso,Abolafia
Alonzo,Abolt
Alpha,Abood
Alphonse,Aboshihata
Alphonso,Aboud
Alta,Aboudi
Altagracia,Aboulahoud
Altha,Aboulissan
Althea,Abousaleh
Alton,Aboytes
Alva,Abplanalp
Alva,Abrachinsky
Alvaro,Abraham
Alvera,Abrahamian
Alverta,Abrahams
Alvin,Abrahamsen
Alvina,Abrahamson
Alyce,Abram
Alycia,Abramek
Alysa,Abramian
Alyse,Abramoff
Alysha,Abramov
Alysia,Abramovich
Alyson,Abramovitz
Alyssa,Abramowitz
Amada,Abramowski
Amado,Abrams
Amal,Abramson
Amalia,Abrantes
Amanda,Abreau
Amber,Abrecht
Amberly,Abrego
Ambrose,Abrell
Amee,Abreo
Amelia,Abreu
America,Abrev
Ami,Abrew
Amie,Abrey
Amiee,Abrial
Amina,Abril
Amira,Abriola
Ammie,Abrom
Amos,Abron
Amparo,Abruzzese
Amy,Abruzzino
An,Abruzzo
Ana,Absalon
Anabel,Abshear
Analisa,Absher
Anamaria,Abshier
Anastacia,Abshire
Anastasia,Abson
Andera,Abston
Anderson,Abt
Andra,Abts
Andre,Abu
Andre,Abuaita
Andrea,Abubakr
Andrea,Abud
Andreas,Abuel
Andree,Abugn
Andres,Abuhl
Andrew,Abundis
Andrew,Abundiz
Andria,Aburto
Andy,Abusufait
Anette,Acal
Angel,Acampora
Angel,Accala
Angela,Accardi
Angele,Accardo
Angelena,Accetta
Angeles,Accetturo
Angelia,Accola
Angelic,Accomando
Angelica,Accornero
Angelika,Accosta
Angelina,Accurso
Angeline,Ace
Angelique,Acebedo
Angelita,Acebo
Angella,Acedo
Angelo,Acee
Angelo,Aceituno
Angelyn,Acencio
Angie,Aceret
Angila,Acerno
Angla,Acero
Angle,Acerra
Anglea,Aceto
Anh,Aceuedo
Anibal,Acevado
Anika,Aceveda
Anisa,Acevedo
Anisha,Aceves
Anissa,Acey
Anita,Acfalle
Anitra,Achane
Anja,Ache
Anjanette,Acheampong
Anjelica,Achee
Ann,Achekian
Anna,Achenbach
Annabel,Acheson
Annabell,Achille
Annabelle,Achilles
Annalee,Achin
Annalisa,Achor
Annamae,Achord
Annamaria,Achorn
Annamarie,Achter
Anne,Achterhof
Anneliese,Achzet
Annelle,Achziger
Annemarie,Acierno
Annett,Acimovic
Annetta,Ack
Annette,Ackah
Annice,Acken
Annie,Acker
Annika,Ackerley
Annis,Ackerly
Annita,Ackerman
Annmarie,Ackermann
Anthony,Ackers
Anthony,Ackerson
Antione,Ackert
Antionette,Ackies
Antoine,Ackins
Antoinette,Ackison
Anton,Ackiss
Antone,Ackland
Antonetta,Acklen
Antonette,Ackles
Antonia,Ackley
Antonia,Acklin
Antonietta,Ackman
Antonina,Ackmann
Antonio,Ackroyd
Antonio,Acly
Antony,Acoba
Antwan,Acocella
Anya,Acock
Apolonia,Acoff
April,Acor
Apryl,Acord
Ara,Acorda
Araceli,Acors
Aracelis,Acosta
Aracely,Acosto
Arcelia,Acothley
Archie,Acquaviva
Ardath,Acquilla
Ardelia,Acre
Ardell,Acree
Ardella,Acres
Ardelle,Acrey
Arden,Acri
Ardis,Acron
Ardith,Actis
Aretha,Acton
Argelia,Acuff
Argentina,Acuna
Ariana,Acy
Ariane,Ada
Arianna,Adachi
Arianne,Adair
Arica,Adalja
Arie,Adam
Ariel,Adamaitis
Ariel,Adamcik
Arielle,Adamczak
Arla,Adamczyk
Arlean,Adame
Arleen,Adamec
Arlen,Adamek
Arlena,Adames
Arlene,Adami
Arletha,Adamiak
Arletta,Adamik
Arlette,Adamis
Arlie,Adamitis
Arlinda,Adamo
Arline,Adamos
Arlyne,Adamowski
Armand,Adams
Armanda,Adamsen
Armandina,Adamski
Armando,Adamsky
Armida,Adamson
Arminda,Adamsonis
Arnetta,Adamyan
Arnette,Adan
Arnita,Adank
Arnold,Adas
Arnoldo,Adauto
Arnulfo,Adaway
Aron,Aday
Arron,Adcock
Art,Adcox
Arthur,Addair
Arthur,Addams
Artie,Addario
Arturo,Addeo
Arvilla,Adderley
Asa,Adderly
Asha,Addesso
Ashanti,Addicks
Ashely,Addie
Ashlea,Addiego
Ashlee,Addington
Ashleigh,Addis
Ashley,Addison
Ashley,Addleman
Ashli,Addo
Ashlie,Adduci
Ashly,Addy
Ashlyn,Ade
Ashton,Adebisi
Asia,Adee
Asley,Adel
Assunta,Adelblue
Astrid,Adelgren
Asuncion,Adelizzi
Athena,Adell
Aubrey,Adelman
Aubrey,Adelmann
Audie,Adelmund
Audra,Adels
Audrea,Adelsberg
Audrey,Adelson
Audria,Adelsperger
Audrie,Adelstein
Audry,Adema
August,Aden
Augusta,Adens
Augustina,Ader
Augustine,Aderhold
Augustine,Aderholdt
Augustus,Aderholt
Aundrea,Aderman
Aura,Aderson
Aurea,Ades
Aurelia,Adessa
Aurelio,Adesso
Aurora,Adey
Aurore,Adeyemo
Austin,Adger
Austin,Adham
Autumn,Adhami
Ava,Adi
Avelina,Adib
Avery,Adickes
Avery,Adie
Avis,Adil
Avril,Adinolfi
Awilda,Adjei
Ayako,Adjutant
Ayana,Adkerson
Ayanna,Adkin
Ayesha,Adkins
Azalee,Adkinson
Azucena,Adkison
Azzie,Adkisson
Babara,Adlam
Babette,Adle
Bailey,Adleman
Bambi,Adler
Bao,Adley
Barabara,Adling
Barb,Adloff
Barbar,Admas
Barbara,Admire
Barbera,Adner
Barbie,Adney
Barbra,Adolf
Bari,Adolfo
Barney,Adolfson
Barrett,Adolph
Barrie,Adolphe
Barry,Adolphsen
Bart,Adolphson
Barton,Adolphus
Basil,Adomaitis
Basilia,Adon
Bea,Adonis
Beata,Adorno
Beatrice,Adragna
Beatris,Adrian
Beatriz,Adriance
Beau,Adriano
Beaulah,Adrid
Bebe,Adrien
Becki,Adrion
Beckie,Adrovel
Becky,Adside
Bee,Adsit
Belen,Adu
Belia,Aduddell
Belinda,Adule
Belkis,Adwell
Bell,Ady
Bella,Adzhabakyan
Belle,Aegerter
Belva,Aeillo
Ben,Aeling
Benedict,Aemmer
Benita,Aerni
Benito,Aerts
Benjamin,Aery
Bennett,Aeschbacher
Bennie,Aeschliman
Bennie,Aeschlimann
Benny,Afable
Benton,Afalava
Berenice,Afan
Berna,Afanador
Bernadette,Affagato
Bernadine,Affeld
Bernard,Affelt
Bernarda,Affeltranger
Bernardina,Affleck
Bernardine,Afflick
Bernardo,Affolter
Berneice,Affronti
Bernetta,Aflalo
Bernice,Afoa
Bernie,Afonso
Bernie,Africa
Berniece,Afshar
Bernita,Afshari
Berry,Afton
Berry,Afurong
Bert,Afzal
Berta,Agamao
Bertha,Agan
Bertie,Agans
Bertram,Agar
Beryl,Agard
Bess,Agarwal
Bessie,Agbayani
Beth,Agbisit
Bethanie,Agcaoili
Bethann,Age
Bethany,Ageboi
Bethel,Agee
Betsey,Agel
Betsy,Agemy
Bette,Agena
Bettie,Agent
Bettina,Ager
Betty,Agers
Bettyann,Agerter
Bettye,Agerton
Beula,Aggarwal
Beulah,Aggas
Bev,Aggers
Beverlee,Agib
Beverley,Agilar
Beverly,Agin
Bianca,Agins
Bibi,Agle
Bill,Agler
Billi,Agliam
Billie,Agne
Billie,Agnelli
Billy,Agnello
Billy,Agner
Billye,Agnes
Birdie,Agnew
Birgit,Agney
Blaine,Agni
Blair,Agnor
Blair,Agoff
Blake,Agonoy
Blake,Agor
Blanca,Agoras
Blanch,Agoro
Blanche,Agosta
Blondell,Agosti
Blossom,Agostinelli
Blythe,Agostini
Bo,Agostino
Bob,Agosto
Bobbi,Agpaoa
Bobbie,Agramonte
Bobbie,Agrawal
Bobby,Agre
Bobby,Agreda
Bobbye,Agredano
Bobette,Agrela
Bok,Agresta
Bong,Agreste
Bonita,Agresti
Bonnie,Agresto
Bonny,Agricola
Booker,Agriesti
Boris,Agrios
Boyce,Agro
Boyd,Agron
Brad,Agtarap
Bradford,Aguada
Bradley,Aguado
Bradly,Aguallo
Brady,Aguas
Brain,Aguayo
Branda,Agudelo
Brande,Agudo
Brandee,Agueda
Branden,Aguele
Brandi,Aguero
Brandie,Aguiar
Brandon,Aguila
Brandon,Aguilar
Brandy,Aguiler
Brant,Aguilera
Breana,Aguillar
Breann,Aguillard
Breanna,Aguillera
Breanne,Aguillon
Bree,Aguinaga
Brenda,Aguinaldo
Brendan,Aguiniga
Brendon,Aguino
Brenna,Aguire
Brent,Aguirre
Brenton,Agular
Bret,Aguliar
Brett,Agumga
Brett,Agundez
Brian,Agunos
Brian,Aguon
Briana,Agurs
Brianna,Agustin
Brianne,Agustine
Brice,Agustino
Bridget,Agyeman
Bridgett,Ahal
Bridgette,Ahalt
Brigette,Aharon
Brigid,Aharoni
Brigida,Aharonof
Brigitte,Ahart
Brinda,Ahaus
Britany,Ahearn
Britney,Ahern
Britni,Aherns
Britt,Ahhee
Britt,Ahia
Britta,Ahimud
Brittaney,Ahl
Brittani,Ahlberg
Brittanie,Ahlborn
Brittany,Ahlbrecht
Britteny,Ahle
Brittney,Ahlemeyer
Brittni,Ahler
Brittny,Ahlers
Brock,Ahles
Broderick,Ahlf
Bronwyn,Ahlfield
Brook,Ahlgren
Brooke,Ahlheim
Brooks,Ahlin
Bruce,Ahlm
Bruna,Ahlman
Brunilda,Ahlo
Bruno,Ahlquist
Bryan,Ahlstedt
Bryanna,Ahlstrom
Bryant,Ahluwalia
Bryce,Ahmad
Brynn,Ahmadi
Bryon,Ahmann
Buck,Ahmau
Bud,Ahmed
Buddy,Ahn
Buena,Ahne
Buffy,Ahnell
Buford,Ahner
Bula,Aho
Bulah,Aholt
Bunny,Ahonen
Burl,Ahr
Burma,Ahrendes
Burt,Ahrends
Burton,Ahrendt
Buster,Ahrenholtz
Byron,Ahrenholz
Caitlin,Ahrens
Caitlyn,Ahrenstorff
Calandra,Ahrent
Caleb,Ahrns
Calista,Ahsan
Callie,Ahsing
Calvin,Ahuja
Camelia,Ahumada
Camellia,Ahuna
Cameron,Ahyet
Cameron,Ahyou
Cami,Aiava
Camie,Aichele
Camila,Aicklen
Camilla,Aid
Camille,Aidt
Cammie,Aiello
Cammy,Aievoli
Candace,Aigner
Candance,Aihara
Candelaria,Aiken
Candi,Aikens
Candice,Aikey
Candida,Aikin
Candie,Aikins
Candis,Aikman
Candra,Ailes
Candy,Ailey
Candyce,Ailiff
Caprice,Aills
Cara,Ailor
Caren,Ailshire
Carey,Ailstock
Carey,Ailsworth
Cari,Ailts
Caridad,Aimbez
Carie,Aimone
Carin,Aina
Carina,Aines
Carisa,Ainge
Carissa,Aini
Carita,Ainley
Carl,Ainscough
Carl,Ainsley
Carla,Ainslie
Carlee,Ainsworth
Carleen,Aiola
Carlena,Aiona
Carlene,Aipopo
Carletta,Aiporlani
Carley,Aipperspach
Carli,Aird
Carlie,Airhart
Carline,Airington
Carlita,Airola
Carlo,Airth
Carlos,Aispuro
Carlos,Aita
Carlota,Aitcheson
Carlotta,Aitchison
Carlton,Aites
Carly,Aitken
Carlyn,Aitkin
Carma,Aitkins
Carman,Aiton
Carmel,Aiu
Carmela,Aiudi
Carmelia,Aiuto
Carmelina,Aivao
Carmelita,Aiyer
Carmella,Aja
Carmelo,Ajani
Carmen,Ajasin
Carmen,Ajayi
Carmina,Ajello
Carmine,Ajoku
Carmon,Ajose
Carol,Akahi
Carol,Akal
Carola,Akamine
Carolann,Akamiro
Carole,Akana
Carolee,Akande
Carolin,Akapo
Carolina,Akard
Caroline,Akau
Caroll,Akawanzie
Carolyn,Akbar
Carolyne,Akbari
Carolynn,Ake
Caron,Akel
Caroyln,Akemon
Carri,Aken
Carrie,Aker
Carrol,Akerley
Carrol,Akerman
Carroll,Akers
Carroll,Akerson
Carry,Akery
Carson,Akes
Carter,Akey
Cary,Akhand
Cary,Akhavan
Caryl,Akhtar
Carylon,Aki
Caryn,Akiereisen
Casandra,Akim
Casey,Akima
Casey,Akimseu
Casie,Akin
Casimira,Akinrefon
Cassandra,Akins
Cassaundra,Akinyooye
Cassey,Akiona
Cassi,Akiyama
Cassidy,Akkerman
Cassie,Akles
Cassondra,Akley
Cassy,Akmal
Catalina,Ako
Catarina,Akoni
Caterina,Akpan
Catharine,Akram
Catherin,Akre
Catherina,Akridge
Catherine,Akright
Cathern,Aksamit
Catheryn,Aksoy
Cathey,Akuchie
Cathi,Akuna
Cathie,Akwei
Cathleen,Ala
Cathrine,Alacano
Cathryn,Alagna
Cathy,Alai
Catina,Alaibilla
Catrice,Alaimo
Catrina,Alalem
Cayla,Alam
Cecelia,Alambar
Cecil,Alameda
Cecil,Alameida
Cecila,Alamia
Cecile,Alamilla
Cecilia,Alamillo
Cecille,Alamin
Cecily,Alamo
Cedric,Alamos
Cedrick,Alampi
Celena,Alan
Celesta,Aland
Celeste,Alanis
Celestina,Alaniz
Celestine,Alanko
Celia,Alano
Celina,Alapai
Celinda,Alar
Celine,Alarcon
Celsa,Alarcone
Ceola,Alarid
Cesar,Alarie
Chad,Alario
Chadwick,Alas
Chae,Alatorre
Chan,Alatosse
Chana,Alattar
Chance,Alavi
Chanda,Alawdi
Chandra,Alaya
Chanel,Alba
Chanell,Albach
Chanelle,Albair
Chang,Albaladejo
Chang,Alban
Chantal,Albanese
Chantay,Albanez
Chante,Albang
Chantel,Albani
Chantell,Albano
Chantelle,Albany
Chara,Albarado
Charis,Albarazi
Charise,Albares
Charissa,Albarez
Charisse,Albarracin
Charita,Albarran
Charity,Albaugh
Charla,Albe
Charleen,Albea
Charlena,Albee
Charlene,Albelo
Charles,Alben
Charles,Alber
Charlesetta,Alberda
Charlette,Alberding
Charley,Alberg
Charlie,Albergotti
Charlie,Alberico
Charline,Albero
Charlott,Alberro
Charlotte,Alberry
Charlsie,Albers
Charlyn,Alberson
Charmain,Albert
Charmaine,Alberta
Charolette,Alberthal
Chas,Alberti
Chase,Albertine
Chasidy,Albertini
Chasity,Alberto
Chassidy,Alberts
Chastity,Albertsen
Chau,Albertson
Chauncey,Alberty
Chaya,Albery
Chelsea,Albin
Chelsey,Albini
Chelsie,Albino
Cher,Albiston
Chere,Albor
Cheree,Alborn
Cherelle,Albornoz
Cheri,Albracht
Cherie,Albrashi
Cherilyn,Albrecht
Cherise,Albrekht
Cherish,Albright
Cherly,Albriton
Cherlyn,Albrittain
Cherri,Albritton
Cherrie,Albro
Cherry,Albrough
Cherryl,Albu
Chery,Albury
Cheryl,Albus
Cheryle,Alby
Cheryll,Alcaide
Chester,Alcala
Chet,Alcalde
Cheyenne,Alcantar
Chi,Alcantara
Chi,Alcantas
Chia,Alcaoa
Chieko,Alcaraz
Chin,Alcazar
China,Alce
Ching,Alcide
Chiquita,Alcina
Chloe,Alcine
Chong,Alcini
Chong,Alcivar
Chris,Alcocer
Chris,Alcock
Chrissy,Alcombright
Christa,Alcon
Christal,Alconcel
Christeen,Alcorn
Christel,Alcorta
Christen,Alcoser
Christena,Alcosiba
Christene,Alcott
Christi,Aldaba
Christia,Aldaco
Christian,Aldama
Christian,Aldana
Christiana,Aldapa
Christiane,Aldape
Christie,Aldarondo
Christin,Aldas
Christina,Aldava
Christine,Alday
Christinia,Aldaz
Christoper,Aldecoa
Christopher,Alden
Christopher,Alder
Christy,Alderete
Chrystal,Alderfer
Chu,Alderink
Chuck,Alderman
Chun,Alderson
Chung,Alderton
Chung,Aldi
Ciara,Aldinger
Cicely,Aldo
Ciera,Aldonza
Cierra,Aldous
Cinda,Aldred
Cinderella,Aldredge
Cindi,Aldrege
Cindie,Aldrete
Cindy,Aldrich
Cinthia,Aldridge
Cira,Aldrige
Clair,Aldrow
Clair,Aldworth
Claire,Alea
Clara,Alecca
Clare,Aleem
Clarence,Aleff
Clarence,Alegar
Claretha,Alegi
Claretta,Alegre
Claribel,Alegria
Clarice,Aleizar
Clarinda,Alejandre
Clarine,Alejandrez
Claris,Alejandro
Clarisa,Alejo
Clarissa,Alejos
Clarita,Alekna
Clark,Aleksey
Classie,Aleman
Claud,Alemany
Claude,Alen
Claude,Aleo
Claudette,Alepin
Claudia,Alequin
Claudie,Aler
Claudine,Alers
Claudio,Alert
Clay,Alerte
Clayton,Ales
Clelia,Alesci
Clemencia,Alescio
Clement,Aleshire
Clemente,Alesi
Clementina,Alesna
Clementine,Alessandrini
Clemmie,Alessandro
Cleo,Alessandroni
Cleo,Alesse
Cleopatra,Alessi
Cleora,Alessio
Cleotilde,Alevedo
Cleta,Alevras
Cletus,Alewine
Cleveland,Alex
Cliff,Alexader
Clifford,Alexaki
Clifton,Alexakis
Clint,Alexander
Clinton,Alexanders
Clora,Alexandra
Clorinda,Alexandre
Clotilde,Alexandria
Clyde,Alexandropoul
Clyde,Alexanian
Codi,Alexender
Cody,Alexidor
Cody,Alexion
Colby,Alexiou
Colby,Alexis
Cole,Alexnder
Coleen,Alexopoulos
Coleman,Alexy
Colene,Alexzander
Coletta,Aley
Colette,Aleyandrez
Colin,Alf
Colleen,Alfandre
Collen,Alfano
Collene,Alfaro
Collette,Alfera
Collin,Alferez
Colton,Alfero
Columbus,Alff
Concepcion,Alfieri
Conception,Alfiero
Concetta,Alfisi
Concha,Alfonsi
Conchita,Alfonso
Connie,Alfonzo
Connie,Alford
Conrad,Alfred
Constance,Alfredo
Consuela,Alfreds
Consuelo,Alfrey
Contessa,Alfson
Cora,Algarin
Coral,Alge
Coralee,Algee
Coralie,Algeo
Corazon,Alger
Cordelia,Alghamdi
Cordell,Algien
Cordia,Algier
Cordie,Algire
Coreen,Algood
Corene,Alguire
Coretta,Alhaddad
Corey,Alhambra
Corey,Alhameed
Cori,Alhusseini
Corie,Ali
Corina,Aliaga
Corine,Aliano
Corinna,Alias
Corinne,Aliberti
Corliss,Alibozek
Cornelia,Alicandro
Cornelius,Alice
Cornell,Alicea
Corrie,Alicer
Corrin,Alicia
Corrina,Alicuben
Corrine,Alie
Corrinne,Alier
Cortez,Aliff
Cortney,Alig
Cory,Alim
Cory,Aliment
Courtney,Alimento
Courtney,Alimo
Coy,Aline
Craig,Alioto
Creola,Aliotta
Cris,Alipio
Criselda,Alire
Crissy,Alires
Crista,Alirez
Cristal,Alisauskas
Cristen,Alison
Cristi,Alix
Cristie,Alizadeh
Cristin,Aljemal
Cristina,Alkana
Cristine,Alkbsh
Cristobal,Alkema
Cristopher,Alken
Cristy,Alkins
Cruz,Alkire
Cruz,All
Crysta,Allaband
Crystal,Allabaugh
Crystle,Allah
Cuc,Allain
Curt,Allaire
Curtis,Allam
Curtis,Allaman
Cyndi,Allamon
Cyndy,Allamong
Cynthia,Allan
Cyril,Allanson
Cyrstal,Allara
Cyrus,Allard
Cythia,Allateef
Dacia,Allaway
Dagmar,Allbee
Dagny,Allbert
Dahlia,Allbones
Daina,Allbright
Daine,Allbritten
Daisey,Allbritton
Daisy,Allcock
Dakota,Allcorn
Dale,Allday
Dale,Allder
Dalene,Alldredge
Dalia,Allebach
Dalila,Allee
Dallas,Allegood
Dallas,Allegra
Dalton,Allegre
Damaris,Allegretta
Damian,Allegretti
Damien,Allegrini
Damion,Allegrucci
Damon,Alleman
Dan,Allemand
Dan,Allemond
Dana,Allen
Dana,Allenbach
Danae,Allenbaugh
Dane,Allenbrand
Danelle,Allende
Danette,Allender
Dani,Allendorf
Dania,Allenson
Danial,Allensworth
Danica,Aller
Daniel,Allerman
Daniel,Allers
Daniela,Allerton
Daniele,Alleruzzo
Daniell,Allery
Daniella,Alles
Danielle,Alleshouse
Danika,Allessi
Danille,Allessio
Danilo,Alleva
Danita,Allevato
Dann,Allex
Danna,Alley
Dannette,Alleyne
Dannie,Allford
Dannie,Allgaeuer
Dannielle,Allgaier
Danny,Allgeier
Dante,Allgeyer
Danuta,Allgier
Danyel,Allgire
Danyell,Allgood
Danyelle,Allhands
Daphine,Alli
Daphne,Alliance
Dara,Allie
Darby,Alligood
Darcel,Alliman
Darcey,Allin
Darci,Allinder
Darcie,Alling
Darcy,Allinger
Darell,Allington
Daren,Allio
Daria,Allis
Darin,Allison
Dario,Alliston
Darius,Allman
Darla,Allmand
Darleen,Allmon
Darlena,Allmond
Darlene,Allnutt
Darline,Allocca
Darnell,Allocco
Darnell,Allon
Daron,Allor
Darrel,Alloway
Darrell,Allphin
Darren,Allred
Darrick,Allridge
Darrin,Alls
Darron,Allsbrook
Darryl,Allsbrooks
Darwin,Allscheid
Daryl,Allshouse
Daryl,Allsop
Dave,Allston
David,Allstott
David,Allsup
Davida,Allton
Davina,Alltop
Davis,Allum
Dawn,Allums
Dawna,Allvin
Dawne,Allwardt
Dayle,Allwood
Dayna,Ally
Daysi,Allyn
Deadra,Allyne
Dean,Alm
Dean,Alma
Deana,Almada
Deandra,Almaguer
Deandre,Almajhoub
Deandrea,Alman
Deane,Almand
Deangelo,Almanza
Deann,Almanzar
Deanna,Almaras
Deanne,Almaraz
Deb,Almarez
Debbi,Almario
Debbie,Almarza
Debbra,Almas
Debby,Almasi
Debera,Almazan
Debi,Alme
Debora,Almeda
Deborah,Almeida
Debra,Almen
Debrah,Almenar
Debroah,Almendarez
Dede,Almengor
Dedra,Almerico
Dee,Almestica
Dee,Almeter
Deeann,Almeyda
Deeanna,Almgren
Deedee,Almiron
Deedra,Almodova
Deena,Almodovar
Deetta,Almon
Deidra,Almond
Deidre,Almonte
Deirdre,Almos
Deja,Almquist
Del,Almstead
Delaine,Almsteadt
Delana,Almy
Delbert,Alnas
Delcie,Alnoor
Delena,Alnutt
Delfina,Alo
Delia,Aloan
Delicia,Aloe
Delila,Aloi
Delilah,Aloia
Delinda,Aloisi
Delisa,Alonge
Dell,Alongi
Della,Alonso
Delma,Alonza
Delmar,Alonzo
Delmer,Alosa
Delmy,Alosta
Delois,Alouf
Deloise,Aloy
Delora,Alpaugh
Deloras,Alper
Delores,Alperin
Deloris,Alpern
Delorse,Alpers
Delpha,Alpert
Delphia,Alpha
Delphine,Alpheaus
Delsie,Alphin
Delta,Alphonse
Demarcus,Alphonso
Demetra,Alpis
Demetria,Alpizar
Demetrice,Alquesta
Demetrius,Alquicira
Demetrius,Alquijay
Dena,Alquisira
Denae,Alrais
Deneen,Alred
Denese,Alrich
Denice,Alrod
Denis,Alsandor
Denise,Alsaqri
Denisha,Alsberry
Denisse,Alsbrook
Denita,Alsbrooks
Denna,Alsbury
Dennis,Alsdon
Dennis,Alsheimer
Dennise,Alshouse
Denny,Alsina
Denny,Alsing
Denver,Alsip
Denyse,Alsman
Deon,Alsobrook
Deon,Alsobrooks
Deonna,Alson
Derek,Alsop
Derick,Alspach
Derrick,Alspaugh
Deshawn,Alstad
Desirae,Alston
Desire,Alstott
Desiree,Alstrom
Desmond,Alsup
Despina,Alt
Dessie,Altadonna
Destiny,Altamirano
Detra,Altamiruno
Devin,Altaras
Devin,Altavilla
Devon,Altemus
Devon,Altenbach
Devona,Altenburg
Devora,Altenhofen
Devorah,Alter
Dewayne,Alteri
Dewey,Alterio
Dewitt,Alterman
Dexter,Altermatt
Dia,Altes
Diamond,Altew
Dian,Althaus
Diana,Althauser
Diane,Altheimer
Diann,Althiser
Dianna,Althoff
Dianne,Althouse
Dick,Altic
Diedra,Altice
Diedre,Altidor
Diego,Altier
Dierdre,Altieri
Digna,Altiery
Dillon,Altig
Dimple,Altimus
Dina,Altizer
Dinah,Altken
Dino,Altman
Dinorah,Altmann
Dion,Altmark
Dion,Altmiller
Dione,Altmire
Dionna,Alto
Dionne,Altobell
Dirk,Altobelli
Divina,Altobello
Dixie,Altom
Dodie,Altomare
Dollie,Altomari
Dolly,Altomonte
Dolores,Alton
Doloris,Altonen
Domenic,Altop
Domenica,Altreche
Dominga,Altringer
Domingo,Altro
Dominic,Altrogge
Dominica,Altschuler
Dominick,Altshuler
Dominique,Altsisi
Dominique,Altstatt
Dominque,Altum
Domitila,Altvater
Domonique,Altwies
Don,Alty
Dona,Alu
Donald,Aluarado
Donald,Aluarez
Donella,Aluise
Donetta,Alukonis
Donette,Alumbaugh
Dong,Alummoottil
Dong,Aluqdah
Donita,Alva
Donn,Alvacado
Donna,Alvalle
Donnell,Alvanas
Donnetta,Alvanez
Donnette,Alvara
Donnie,Alvarado
Donnie,Alvardo
Donny,Alvarenga
Donovan,Alvarengo
Donte,Alvares
Donya,Alvarez
Dora,Alvaro
Dorathy,Alvarracin
Dorcas,Alvarran
Doreatha,Alvear
Doreen,Alvelo
Dorene,Alven
Doretha,Alverado
Dorethea,Alveraz
Doretta,Alverest
Dori,Alverez
Doria,Alverio
Dorian,Alvernaz
Dorian,Alvero
Dorie,Alverson
Dorinda,Alves
Dorine,Alvey
Doris,Alvez
Dorla,Alvia
Dorotha,Alviar
Dorothea,Alvidrez
Dorothy,Alvin
Dorris,Alvine
Dorsey,Alvino
Dortha,Alvira
Dorthea,Alvirez
Dorthey,Alvis
Dorthy,Alviso
Dot,Alvizo
Dottie,Alvord
Dotty,Alvorez
Doug,Alwan
Douglas,Alwang
Douglass,Alward
Dovie,Alwardt
Doyle,Alway
Dreama,Alwazan
Drema,Alwin
Drew,Alwine
Drew,Aly
Drucilla,Alyea
Drusilla,Alzaga
Duane,Alzate
Dudley,Alzugaray
Dulce,Amabile
Dulcie,Amacher
Duncan,Amack
Dung,Amacker
Dusti,Amadeo
Dustin,Amadi
Dusty,Amadio
Dusty,Amado
Dwain,Amadon
Dwana,Amador
Dwayne,Amailla
Dwight,Amaker
Dyan,Amalfitano
Dylan,Amalong
Earl,Aman
Earle,Amancio
Earlean,Amann
Earleen,Amano
Earlene,Amante
Earlie,Amanza
Earline,Amar
Earnest,Amara
Earnestine,Amaral
Eartha,Amarante
Easter,Amargo
Eboni,Amari
Ebonie,Amarian
Ebony,Amarillas
Echo,Amaro
Ed,Amas
Eda,Amason
Edda,Amass
Eddie,Amat
Eddie,Amati
Eddy,Amato
Edelmira,Amauty
Eden,Amavisca
Edgar,Amaya
Edgardo,Amazan
Edie,Ambagis
Edison,Ambeau
Edith,Amber
Edmond,Amberg
Edmund,Ambers
Edmundo,Amberson
Edna,Ambert
Edra,Amble
Edris,Ambler
Eduardo,Amboise
Edward,Amboree
Edward,Amborn
Edwardo,Ambres
Edwin,Ambrister
Edwina,Ambriz
Edyth,Ambrogi
Edythe,Ambrose
Effie,Ambrosia
Efrain,Ambrosini
Efren,Ambrosino
Ehtel,Ambrosio
Eileen,Ambrosius
Eilene,Ambrosone
Ela,Ambroz
Eladia,Ambroziak
Elaina,Ambuehl
Elaine,Amburgey
Elana,Amburgy
Elane,Amburn
Elanor,Amdahl
Elayne,Amderson
Elba,Amedee
Elbert,Amedeo
Elda,Amedro
Elden,Ameduri
Eldon,Ameen
Eldora,Ameigh
Eldridge,Amejorado
Eleanor,Amel
Eleanora,Amela
Eleanore,Amelang
Elease,Ameling
Elena,Amelio
Elene,Amell
Eleni,Amelung
Elenor,Amemiya
Elenora,Amen
Elenore,Amend
Eleonor,Amendola
Eleonora,Ament
Eleonore,Amenta
Elfreda,Amentler
Elfrieda,Amento
Elfriede,Amer
Eli,America
Elia,American
Eliana,Amerine
Elias,Amerio
Elicia,Amerman
Elida,Amero
Elidia,Amerson
Elijah,Amert
Elin,Ames
Elina,Amesbury
Elinor,Amescua
Elinore,Amesquieto
Elisa,Amesquita
Elisabeth,Amey
Elise,Amezaga
Eliseo,Amezcua
Elisha,Amezquita
Elisha,Amici
Elissa,Amick
Eliz,Amico
Eliza,Amicone
Elizabet,Amidei
Elizabeth,Amidi
Elizbeth,Amidon
Elizebeth,Amie
Elke,Amigo
Ella,Amigon
Ellamae,Amill
Ellan,Amin
Ellen,Amini
Ellena,Aminov
Elli,Amiot
Ellie,Amir
Elliot,Amirault
Elliott,Amiri
Ellis,Amirian
Ellis,Amis
Ellsworth,Amisano
Elly,Amison
Ellyn,Amistadi
Elma,Amistoso
Elmer,Amith
Elmer,Amlin
Elmira,Ammann
Elmo,Ammar
Elna,Ammer
Elnora,Ammerman
Elodia,Ammirata
Elois,Ammirati
Eloisa,Ammirato
Eloise,Ammon
Elouise,Ammonds
Eloy,Ammons
Elroy,Amo
Elsa,Amoa
Else,Amoah
Elsie,Amoako
Elsy,Amodei
Elton,Amodeo
Elva,Amodio
Elvera,Amodt
Elvia,Amoe
Elvie,Amolsch
Elvin,Amon
Elvina,Amonette
Elvira,Amons
Elvis,Amor
Elwanda,Amore
Elwood,Amorello
Elyse,Amores
Elza,Amoriello
Ema,Amorim
Emanuel,Amorin
Emelda,Amormino
Emelia,Amoros
Emelina,Amorose
Emeline,Amorosi
Emely,Amoroso
Emerald,Amoruso
Emerita,Amory
Emerson,Amos
Emery,Amoss
Emiko,Amott
Emil,Amour
Emile,Amous
Emilee,Amparan
Emilia,Amparo
Emilie,Amphy
Emilio,Ampy
Emily,Amr
Emma,Amrein
Emmaline,Amrhein
Emmanuel,Amrich
Emmett,Amrine
Emmie,Amsbaugh
Emmitt,Amsberry
Emmy,Amsdell
Emogene,Amsden
Emory,Amsili
Ena,Amsinger
Enda,Amsler
Enedina,Amsley
Eneida,Amspaugh
Enid,Amspoker
Enoch,Amstein
Enola,Amster
Enrique,Amsterdam
Enriqueta,Amstrong
Epifania,Amstutz
Era,Amtower
Erasmo,Amundsen
Eric,Amundson
Eric,Amunrud
Erica,Amuso
Erich,Amweg
Erick,Amy
Ericka,Amyot
Erik,Amyotte
Erika,Amys
Erin,Amyx
Erin,An
Erinn,Ana
Erlene,Anable
Erlinda,Anacker
Erline,Anadio
Erma,Anagnos
Ermelinda,Anagnost
Erminia,Anagnostou
Erna,Anakalea
Ernest,Analla
Ernestina,Anand
Ernestine,Anania
Ernesto,Ananias
Ernie,Anasagasti
Errol,Anast
Ervin,Anastacio
Erwin,Anastas
Eryn,Anastasi
Esmeralda,Anastasia
Esperanza,Anastasiades
Essie,Anastasio
Esta,Anastos
Esteban,Anauo
Estefana,Anawalt
Estela,Anawaty
Estell,Anaya
Estella,Ancalade
Estelle,Ancar
Ester,Ancel
Esther,Ancelet
Estrella,Ancell
Etha,Ancheta
Ethan,Anchondo
Ethel,Anchors
Ethelene,Ancic
Ethelyn,Ancira
Ethyl,Anciso
Etsuko,Ancona
Etta,Ancrum
Ettie,Anctil
Eufemia,Ancy
Eugena,Anda
Eugene,Andalora
Eugene,Andary
Eugenia,Andaverde
Eugenie,Andaya
Eugenio,Andebe
Eula,Andel
Eulah,Andelman
Eulalia,Ander
Eun,Andera
Euna,Anderberg
Eunice,Andere
Eura,Anderegg
Eusebia,Anderholm
Eusebio,Anderl
Eustolia,Anderlik
Eva,Anderman
Evalyn,Anderon
Evan,Anders
Evan,Andersen
Evangelina,Anderson
Evangeline,Andersson
Eve,Anderst
Evelia,Andert
Evelin,Anderton
Evelina,Andes
Eveline,Andeson
Evelyn,Andina
Evelyne,Anding
Evelynn,Andino
Everett,Andis
Everette,Ando
Evette,Andoh
Evia,Andon
Evie,Andonian
Evita,Andra
Evon,Andrachak
Evonne,Andracki
Ewa,Andrada
Exie,Andrade
Ezekiel,Andrades
Ezequiel,Andradez
Ezra,Andrado
Fabian,Andrae
Fabiola,Andrango
Fae,Andras
Fairy,Andre
Faith,Andrea
Fallon,Andreadis
Fannie,Andreas
Fanny,Andreasen
Farah,Andreason
Farrah,Andreassen
Fatima,Andreassi
Fatimah,Andreatta
Faustina,Andree
Faustino,Andreen
Fausto,Andreessen
Faviola,Andregg
Fawn,Andren
Fay,Andreola
Faye,Andreoli
Fe,Andreoni
Federico,Andreotti
Felecia,Andreozzi
Felica,Andrepont
Felice,Andres
Felicia,Andresen
Felicidad,Andress
Felicita,Andreu
Felicitas,Andreula
Felipa,Andrew
Felipe,Andrews
Felisa,Andrian
Felisha,Andrich
Felix,Andrick
Felton,Andries
Ferdinand,Andringa
Fermin,Andrino
Fermina,Andrion
Fern,Andriopulos
Fernanda,Andris
Fernande,Andrle
Fernando,Androde
Ferne,Androes
Fidel,Androlewicz
Fidela,Andronis
Fidelia,Andros
Filiberto,Androsky
Filomena,Andrson
Fiona,Andrulis
Flavia,Andrus
Fleta,Andruss
Fletcher,Andruszkiewic
Flo,Andruzzi
Flor,Andry
Flora,Andrzejczak
Florance,Andrzejczyk
Florence,Andrzejewski
Florencia,Andueza
Florencio,Andujar
Florene,Andujo
Florentina,Andy
Florentino,Andzulis
Floretta,Anecelle
Floria,Anelli
Florida,Anello
Florinda,Anene
Florine,Anerton
Florrie,Anes
Flossie,Aneshansley
Floy,Anesi
Floyd,Anestos
Fonda,Anetsberger
Forest,Anewalt
Forrest,Aney
Foster,Anez
Fran,Anfinson
France,Ang
Francene,Angalich
Frances,Angarola
Frances,Ange
Francesca,Angel
Francesco,Angela
Franchesca,Angelbeck
Francie,Angeles
Francina,Angeletti
Francine,Angeli
Francis,Angelica
Francis,Angelico
Francisca,Angelilli
Francisco,Angelillo
Francisco,Angeline
Francoise,Angelini
Frank,Angelino
Frank,Angell
Frankie,Angelle
Frankie,Angello
Franklin,Angellotti
Franklyn,Angelo
Fransisca,Angelocci
Fred,Angeloff
Fred,Angelone
Freda,Angeloni
Fredda,Angeloro
Freddie,Angelos
Freddie,Angelotti
Freddy,Angelou
Frederic,Angelovich
Frederica,Angelozzi
Frederick,Angelson
Fredericka,Angelucci
Fredia,Anger
Fredric,Angerer
Fredrick,Angerman
Fredricka,Angermeier
Freeda,Angeron
Freeman,Angers
Freida,Angert
Frida,Angevine
Frieda,Angiano
Fritz,Angier
Fumiko,Angilello
Gabriel,Angileri
Gabriel,Angilletta
Gabriela,Angiolelli
Gabriele,Angiolillo
Gabriella,Angione
Gabrielle,Angis
Gail,Anglada
Gail,Anglade
Gala,Angland
Gale,Angle
Gale,Anglea
Galen,Angleberger
Galina,Anglebrandt
Garfield,Anglemyer
Garland,Anglen
Garnet,Angles
Garnett,Angleton
Garret,Angley
Garrett,Anglin
Garry,Anglum
Garth,Angocicco
Gary,Angold
Gary,Angolo
Gaston,Angon
Gavin,Angotti
Gay,Angove
Gaye,Angrisano
Gayla,Angry
Gayle,Angst
Gayle,Angstadt
Gaylene,Angton
Gaylord,Anguiano
Gaynell,Angulo
Gaynelle,Angus
Gearldine,Angustia
Gema,Angviano
Gemma,Angwin
Gena,Anhalt
Genaro,Anhorn
Gene,Anibal
Gene,Anichini
Genesis,Anick
Geneva,Anidi
Genevie,Aniello
Genevieve,Animashaun
Genevive,Aningalan
Genia,Aninion
Genie,Aniol
Genna,Anis
Gennie,Anitok
Genny,Ankenman
Genoveva,Ankeny
Geoffrey,Anker
Georgann,Ankersen
George,Anklam
George,Ankney
Georgeann,Ankrapp
Georgeanna,Ankrom
Georgene,Ankrum
Georgetta,Anliker
Georgette,Ann
Georgia,Anna
Georgiana,Annabel
Georgiann,Annable
Georgianna,Annal
Georgianne,Annala
Georgie,Annan
Georgina,Annand
Georgine,Annarino
Gerald,Annarummo
Gerald,Annarumo
Geraldine,Annas
Geraldo,Anne
Geralyn,Anneler
Gerard,Annen
Gerardo,Annese
Gerda,Anness
Geri,Annett
Germaine,Annette
German,Annibale
Gerri,Annicchiarico
Gerry,Annichiarico
Gerry,Anning
Gertha,Annino
Gertie,Annis
Gertrud,Anno
Gertrude,Annon
Gertrudis,Annonio
Gertude,Annunziata
Ghislaine,Annuzzi
Gia,Ano
Gianna,Anoe
Gidget,Anolick
Gigi,Anon
Gil,Anos
Gilbert,Anreozzi
Gilberte,Ansara
Gilberto,Ansari
Gilda,Ansbacher
Gillian,Ansbro
Gilma,Anschutz
Gina,Ansel
Ginette,Ansell
Ginger,Anselm
Ginny,Anselmi
Gino,Anselmo
Giovanna,Anshutz
Giovanni,Ansley
Gisela,Anslinger
Gisele,Ansloan
Giselle,Anslow
Gita,Ansoategui
Giuseppe,Anson
Giuseppina,Anspach
Gladis,Anspaugh
Glady,Anstead
Gladys,Anstett
Glayds,Anstey
Glen,Anstine
Glenda,Antal
Glendora,Antao
Glenn,Antaya
Glenn,Antczak
Glenna,Anteby
Glennie,Antee
Glennis,Antell
Glinda,Antenor
Gloria,Antenucci
Glory,Anter
Glynda,Antes
Glynis,Anthes
Golda,Anthis
Golden,Anthon
Goldie,Anthony
Gonzalo,Antich
Gordon,Antignani
Grace,Antigua
Gracia,Antila
Gracie,Antill
Graciela,Antilla
Grady,Antillon
Graham,Antinarelli
Graig,Antinore
Grant,Antinoro
Granville,Antione
Grayce,Antis
Grazyna,Antista
Greg,Antkowiak
Gregg,Antle
Gregoria,Antley
Gregorio,Antman
Gregory,Antoine
Gregory,Antolak
Greta,Antolik
Gretchen,Antolin
Gretta,Antolini
Gricelda,Antolos
Grisel,Anton
Griselda,Antona
Grover,Antonacci
Guadalupe,Antonaccio
Guadalupe,Antonakos
Gudrun,Antone
Guillermina,Antonelli
Guillermo,Antonellis
Gus,Antonello
Gussie,Antonetti
Gustavo,Antonetty
Guy,Antonia
Gwen,Antoniak
Gwenda,Antonich
Gwendolyn,Antoniewicz
Gwenn,Antonini
Gwyn,Antonio
Gwyneth,Antoniotti
Ha,Antoniou
Hae,Antonis
Hai,Antoniuk
Hailey,Antonopoulos
Hal,Antonovich
Haley,Antonsen
Halina,Antonson
Halley,Antonucci
Hallie,Antony
Han,Antos
Hana,Antosh
Hang,Antrican
Hanh,Antrikin
Hank,Antrim
Hanna,Antrobus
Hannah,Antronica
Hannelore,Anttila
Hans,Antu
Harlan,Antuna
Harland,Antunes
Harley,Antunez
Harmony,Antwi
Harold,Antwine
Harold,Anwar
Harriet,Anway
Harriett,Anyan
Harriette,Anzai
Harris,Anzaldo
Harrison,Anzaldua
Harry,Anzalone
Harvey,Anzideo
Hassan,Anzora
Hassie,Anzualda
Hattie,Anzures
Haydee,Ao
Hayden,Aoay
Hayley,Aoki
Haywood,Aono
Hazel,Apa
Heath,Apadaca
Heather,Apadoca
Hector,Apaez
Hedwig,Apalategui
Hedy,Apana
Hee,Aparicio
Heide,Aparo
Heidi,Ape
Heidy,Apel
Heike,Apela
Helaine,Apelian
Helen,Aper
Helena,Aperges
Helene,Apfel
Helga,Apgar
Hellen,Apicella
Henrietta,Apilado
Henriette,Apker
Henry,Apkin
Henry,Apking
Herb,Apland
Herbert,Apley
Heriberto,Aplin
Herlinda,Apling
Herma,Aplington
Herman,Apo
Hermelinda,Apodaca
Hermila,Apodace
Hermina,Apodoca
Hermine,Apolinar
Herminia,Apolito
Herschel,Apollo
Hershel,Apolo
Herta,Aponta
Hertha,Aponte
Hester,Apostal
Hettie,Apostol
Hiedi,App
Hien,Appana
Hilaria,Appel
Hilario,Appelbaum
Hilary,Appelgate
Hilda,Appelgren
Hilde,Appeling
Hildegard,Appell
Hildegarde,Appello
Hildred,Appelman
Hillary,Appelt
Hilma,Appenzeller
Hilton,Apperson
Hipolito,Appert
Hiram,Appia
Hiroko,Appiah
Hisako,Appl
Hoa,Apple
Hobert,Applebaum
Holley,Applebee
Holli,Appleberry
Hollie,Applebury
Hollis,Appleby
Hollis,Applegarth
Holly,Applegate
Homer,Appleman
Honey,Applen
Hong,Appleton
Hong,Applewhaite
Hope,Applewhite
Horace,Appleyard
Horacio,Applin
Hortencia,Appling
Hortense,Applonie
Hortensia,Appolonia
Hosea,Aprea
Houston,Apresa
Howard,Aprigliano
Hoyt,April
Hsiu,Aprill
Hubert,Apruzzese
Hue,Apsey
Huey,Apshire
Hugh,Apt
Hugo,Apthorpe
Hui,Apuzzi
Hulda,Apuzzo
Humberto,Apyuan
Hung,Aquas
Hunter,Aquero
Huong,Aquil
Hwa,Aquilar
Hyacinth,Aquilera
Hye,Aquilina
Hyman,Aquilino
Hyo,Aquino
Hyon,Aquirre
Hyun,Ar
Ian,Arab
Ida,Arabajian
Idalia,Arabia
Idell,Arabian
Idella,Arabie
Iesha,Aracena
Ignacia,Aradanas
Ignacio,Aragaki
Ike,Aragan
Ila,Aragao
Ilana,Aragon
Ilda,Aragones
Ileana,Aragoni
Ileen,Aragundi
Ilene,Aragus
Iliana,Arai
Illa,Araiza
Ilona,Arakaki
Ilse,Arakawa
Iluminada,Araki
Ima,Araldi
Imelda,Aramboles
Imogene,Arambuia
In,Arambula
Ina,Arambulo
India,Aramini
Indira,Aran
Inell,Arana
Ines,Aranas
Inez,Arancibia
Inga,Arand
Inge,Aranda
Ingeborg,Araneo
Inger,Arango
Ingrid,Aranjo
Inocencia,Arano
Iola,Arant
Iona,Araque
Ione,Arashiro
Ira,Arata
Ira,Arato
Iraida,Arau
Irena,Araujo
Irene,Arauz
Irina,Arave
Iris,Aravjo
Irish,Araya
Irma,Arb
Irmgard,Arballo
Irvin,Arbaugh
Irving,Arbeiter
Irwin,Arbertha
Isa,Arbetman
Isaac,Arbizo
Isabel,Arbo
Isabell,Arbogast
Isabella,Arbogust
Isabelle,Arboleda
Isadora,Arbolida
Isaiah,Arbon
Isaias,Arbour
Isaura,Arbry
Isela,Arbucci
Isiah,Arbuckle
Isidra,Arbuthnot
Isidro,Arca
Isis,Arcadipane
Ismael,Arcand
Isobel,Arcangel
Israel,Arcano
Isreal,Arcaro
Issac,Arcaute
Iva,Arce
Ivan,Arcea
Ivana,Arcega
Ivelisse,Arcement
Ivette,Arceneaux
Ivey,Arceo
Ivonne,Arch
Ivory,Archacki
Ivory,Archambault
Ivy,Archambeau
Izetta,Archambeault
Izola,Archangel
Ja,Archbell
Jacalyn,Archbold
Jacelyn,Archdale
Jacinda,Archer
Jacinta,Archey
Jacinto,Archibald
Jack,Archibeque
Jack,Archibold
Jackeline,Archie
Jackelyn,Archila
Jacki,Archilla
Jackie,Archiopoli
Jackie,Archuleta
Jacklyn,Archuletta
Jackqueline,Archut
Jackson,Arcia
Jaclyn,Arciba
Jacob,Arcieri
Jacqualine,Arciga
Jacque,Arcila
Jacquelin,Arcilla
Jacqueline,Arciniega
Jacquelyn,Arcino
Jacquelyne,Arciola
Jacquelynn,Arcizo
Jacques,Arcoraci
Jacquetta,Arcos
Jacqui,Arcudi
Jacquie,Arcuo
Jacquiline,Arcuri
Jacquline,Ard
Jacqulyn,Ardaly
Jada,Ardan
Jade,Ardd
Jadwiga,Ardelean
Jae,Arden
Jae,Ardeneaux
Jaime,Ardery
Jaime,Ardinger
Jaimee,Ardion
Jaimie,Ardis
Jake,Ardito
Jaleesa,Ardizone
Jalisa,Ardizzone
Jama,Ardman
Jamaal,Ardner
Jamal,Ardoin
Jamar,Ardolino
Jame,Ardon
Jame,Ardrey
Jamee,Ardry
Jamel,Ards
James,Arduini
James,Area
Jamey,Areas
Jamey,Arebalo
Jami,Arebela
Jamie,Arechiga
Jamie,Aredondo
Jamika,Arehano
Jamila,Arehart
Jamison,Areias
Jammie,Areizaga
Jan,Arel
Jan,Arellanes
Jana,Arellano
Janae,Arelleano
Janay,Arena
Jane,Arenales
Janean,Arenas
Janee,Arenburg
Janeen,Arend
Janel,Arendale
Janell,Arendall
Janella,Arendash
Janelle,Arender
Janene,Arends
Janessa,Arendsee
Janet,Arendt
Janeth,Arendz
Janett,Arenivar
Janetta,Arenivas
Janette,Arenos
Janey,Arens
Jani,Arenson
Janice,Arenstam
Janie,Arent
Janiece,Arentz
Janina,Arenz
Janine,Areola
Janis,Ares
Janise,Aresco
Janita,Arevalo
Jann,Arevalos
Janna,Arey
Jannet,Arflack
Jannette,Arfman
Jannie,Argabright
January,Argall
Janyce,Arganbright
Jaqueline,Argandona
Jaquelyn,Argenal
Jared,Argenbright
Jarod,Argenti
Jarred,Argentieri
Jarrett,Argento
Jarrod,Argenziano
Jarvis,Argetsinger
Jasmin,Argie
Jasmine,Argiro
Jason,Argo
Jason,Argote
Jasper,Argrave
Jaunita,Argro
Javier,Argrow
Jay,Argubright
Jay,Argudin
Jaye,Argudo
Jayme,Argue
Jaymie,Arguelles
Jayna,Arguellez
Jayne,Arguello
Jayson,Argueta
Jazmin,Arguijo
Jazmine,Arguilez
Jc,Arguillo
Jean,Arguin
Jean,Argulewicz
Jeana,Argumedo
Jeane,Argust
Jeanelle,Argyle
Jeanene,Arhart
Jeanett,Arhelger
Jeanetta,Ariail
Jeanette,Ariano
Jeanice,Arias
Jeanie,Ariaza
Jeanine,Aricas
Jeanmarie,Arichabala
Jeanna,Arico
Jeanne,Aridas
Jeannetta,Arie
Jeannette,Ariel
Jeannie,Aries
Jeannine,Arietta
Jed,Arif
Jeff,Arigo
Jefferey,Arildsen
Jefferson,Arimas
Jeffery,Arimoto
Jeffie,Aring
Jeffrey,Arington
Jeffrey,Ariola
Jeffry,Aris
Jen,Arisa
Jena,Arismendez
Jenae,Arispe
Jene,Arista
Jenee,Aristide
Jenell,Aristizabal
Jenelle,Arisumi
Jenette,Arita
Jeneva,Ariyoshi
Jeni,Ariza
Jenice,Arizaga
Jenifer,Arizmendi
Jeniffer,Arizola
Jenine,Arizzi
Jenise,Arjes
Jenna,Arjona
Jennefer,Arjune
Jennell,Arkadie
Jennette,Arkell
Jenni,Arkema
Jennie,Arkenberg
Jennifer,Arkin
Jenniffer,Arking
Jennine,Arkins
Jenny,Arko
Jerald,Arkontaky
Jeraldine,Arlan
Jeramy,Arledge
Jere,Arlen
Jeremiah,Arleth
Jeremy,Arlia
Jeremy,Arline
Jeri,Arlinghaus
Jerica,Arlington
Jerilyn,Arlotta
Jerlene,Arlt
Jermaine,Arm
Jerold,Armacost
Jerome,Armada
Jeromy,Armagost
Jerrell,Arman
Jerri,Armand
Jerrica,Armando
Jerrie,Armant
Jerrod,Armantrout
Jerrold,Armas
Jerry,Armato
Jerry,Armbrester
Jesenia,Armbrister
Jesica,Armbrust
Jess,Armbruster
Jesse,Armel
Jesse,Armeli
Jessenia,Armelin
Jessi,Armen
Jessia,Armendarez
Jessica,Armendariz
Jessie,Armengol
Jessie,Arment
Jessika,Armenta
Jestine,Armenteros
Jesus,Armento
Jesus,Armentor
Jesusa,Armentrout
Jesusita,Armer
Jetta,Armes
Jettie,Armesto
Jewel,Armfield
Jewel,Armiger
Jewell,Armijo
Jewell,Armijos
Ji,Armillei
Jill,Armintrout
Jillian,Armiso
Jim,Armistead
Jimmie,Armitage
Jimmie,Armlin
Jimmy,Armocida
Jimmy,Armold
Jin,Armon
Jina,Armond
Jinny,Armor
Jo,Armour
Joan,Armout
Joan,Arms
Joana,Armson
Joane,Armstead
Joanie,Armster
Joann,Armstong
Joanna,Armstrong
Joanne,Armwood
Joannie,Army
Joaquin,Arn
Joaquina,Arnaldo
Jocelyn,Arnall
Jodee,Arnao
Jodi,Arnau
Jodie,Arnaud
Jody,Arnaudet
Jody,Arndell
Joe,Arndorfer
Joe,Arndt
Joeann,Arne
Joel,Arneberg
Joel,Arneecher
Joella,Arnell
Joelle,Arner
Joellen,Arnerich
Joesph,Arnesen
Joetta,Arneson
Joette,Arnet
Joey,Arnett
Joey,Arnette
Johana,Arney
Johanna,Arnhart
Johanne,Arnhold
John,Arnholt
John,Arnholtz
Johna,Arning
Johnathan,Arnio
Johnathon,Arniotes
Johnetta,Arnitz
Johnette,Arnn
Johnie,Arno
Johnie,Arnold
Johnna,Arnoldi
Johnnie,Arnoldy
Johnnie,Arnone
Johnny,Arnot
Johnny,Arnott
Johnsie,Arnoux
Johnson,Arnow
Joi,Arns
Joie,Arnsberger
Jolanda,Arnspiger
Joleen,Arnst
Jolene,Arnstein
Jolie,Arnsworth
Joline,Arnt
Jolyn,Arntson
Jolynn,Arntt
Jon,Arntz
Jon,Arntzen
Jona,Arnwine
Jonah,Arnzen
Jonas,Aro
Jonathan,Aroca
Jonathon,Arocha
Jone,Aroche
Jonell,Arocho
Jonelle,Arollo
Jong,Aromin
Joni,Aron
Jonie,Arone
Jonna,Aronhalt
Jonnie,Aronica
Jordan,Aronoff
Jordan,Aronov
Jordon,Aronow
Jorge,Aronowitz
Jose,Arons
Jose,Aronson
Josef,Aronstein
Josefa,Arora
Josefina,Arosemena
Josefine,Arostegui
Joselyn,Arouri
Joseph,Aroyo
Joseph,Arp
Josephina,Arpin
Josephine,Arpino
Josette,Arps
Josh,Arquelles
Joshua,Arquero
Joshua,Arqueta
Josiah,Arquette
Josie,Arquitt
Joslyn,Arra
Jospeh,Arraiol
Josphine,Arrambide
Josue,Arrance
Jovan,Arrand
Jovita,Arrant
Joy,Arrants
Joya,Arras
Joyce,Arrasmith
Joycelyn,Arre
Joye,Arreaga
Juan,Arredla
Juan,Arredondo
Juana,Arreguin
Juanita,Arrellano
Jude,Arrellin
Jude,Arrendell
Judi,Arrendondo
Judie,Arreola
Judith,Arrequin
Judson,Arrey
Judy,Arrez
Jule,Arrezola
Julee,Arriaga
Julene,Arriano
Jules,Arriaza
Juli,Arriazola
Julia,Arribas
Julian,Arrick
Julian,Arrieta
Juliana,Arrigo
Juliane,Arrigone
Juliann,Arrindel
Julianna,Arrington
Julianne,Arriola
Julie,Arris
Julieann,Arrisola
Julienne,Arrison
Juliet,Arritola
Julieta,Arrizaga
Julietta,Arrizola
Juliette,Arrocha
Julio,Arrocho
Julio,Arrojo
Julissa,Arroliga
Julius,Arrollo
June,Arron
Jung,Arrospide
Junie,Arrott
Junior,Arrow
Junita,Arrowood
Junko,Arrowsmith
Justa,Arroyano
Justin,Arroyd
Justin,Arroyo
Justina,Arroyos
Justine,Arruda
Jutta,Arsenault
Ka,Arseneau
Kacey,Arseneault
Kaci,Arsham
Kacie,Arslan
Kacy,Arslanian
Kai,Art
Kaila,Artale
Kaitlin,Artalejo
Kaitlyn,Arteaga
Kala,Artega
Kaleigh,Arter
Kaley,Arterberry
Kali,Arterburn
Kallie,Arterbury
Kalyn,Arters
Kam,Artez
Kamala,Arthun
Kami,Arthur
Kamilah,Arthurs
Kandace,Artiaga
Kandi,Artibee
Kandice,Artice
Kandis,Arties
Kandra,Artiga
Kandy,Artiles
Kanesha,Artinger
Kanisha,Artinian
Kara,Artis
Karan,Artison
Kareem,Artist
Kareen,Artley
Karen,Artman
Karena,Artmann
Karey,Artola
Kari,Arton
Karie,Artrip
Karima,Artry
Karin,Arts
Karina,Arturo
Karine,Artus
Karisa,Artuso
Karissa,Artz
Karl,Artzer
Karl,Aruiso
Karla,Aruizu
Karleen,Arujo
Karlene,Arunachalam
Karly,Arundel
Karlyn,Arva
Karma,Arvan
Karmen,Arvanitis
Karol,Arvay
Karole,Arvayo
Karoline,Arvelo
Karolyn,Arvesen
Karon,Arvez
Karren,Arvidson
Karri,Arvie
Karrie,Arview
Karry,Arvin
Kary,Arviso
Karyl,Arvizo
Karyn,Arvizu
Kasandra,Arwood
Kasey,Ary
Kasey,Arya
Kasha,Arzabala
Kasi,Arzaga
Kasie,Arzate
Kassandra,Arzilli
Kassie,Arzo
Kate,Arzola
Katelin,Arzt
Katelyn,Arzu
Katelynn,Asa
Katerine,Asad
Kathaleen,Asaeli
Katharina,Asai
Katharine,Asakura
Katharyn,Asal
Kathe,Asam
Katheleen,Asamoah
Katherin,Asano
Katherina,Asante
Katherine,Asar
Kathern,Asaro
Katheryn,Asato
Kathey,Asay
Kathi,Asbell
Kathie,Asberry
Kathleen,Asbill
Kathlene,Asbridge
Kathline,Asbury
Kathlyn,Asby
Kathrin,Ascencio
Kathrine,Ascensio
Kathryn,Ascenzo
Kathryne,Asch
Kathy,Aschan
Kathyrn,Aschbacher
Kati,Ascheman
Katia,Aschenbach
Katie,Aschenbrener
Katina,Aschenbrenner
Katlyn,Ascher
Katrice,Aschim
Katrina,Aschmann
Kattie,Aschoff
Katy,Ascol
Kay,Ascolese
Kayce,Asebedo
Kaycee,Asel
Kaye,Aselage
Kayla,Aseltine
Kaylee,Asen
Kayleen,Asencio
Kayleigh,Aseng
Kaylene,Asenjo
Kazuko,Asevedo
Kecia,Asfour
Keeley,Ash
Keely,Ashaf
Keena,Ashalintubbi
Keenan,Ashauer
Keesha,Ashbach
Keiko,Ashbacher
Keila,Ashbaugh
Keira,Ashbourne
Keisha,Ashbrook
Keith,Ashburn
Keith,Ashby
Keitha,Ashcraft
Keli,Ashcroft
Kelle,Ashdown
Kellee,Ashe
Kelley,Ashely
Kelley,Ashenfelter
Kelli,Asher
Kellie,Ashfield
Kelly,Ashford
Kelly,Ashing
Kellye,Ashkettle
Kelsey,Ashland
Kelsi,Ashley
Kelsie,Ashlin
Kelvin,Ashline
Kemberly,Ashlock
Ken,Ashly
Kena,Ashman
Kenda,Ashmead
Kendal,Ashmen
Kendall,Ashmore
Kendall,Ashner
Kendra,Ashpole
Kendrick,Ashraf
Keneth,Ashton
Kenia,Ashurst
Kenisha,Ashwell
Kenna,Ashwood
Kenneth,Ashworth
Kenneth,Asiedu
Kennith,Asiello
Kenny,Asif
Kent,Ask
Kenton,Askam
Kenya,Askari
Kenyatta,Aske
Kenyetta,Askegren
Kera,Asken
Keren,Askew
Keri,Askey
Kermit,Askia
Kerri,Askiew
Kerrie,Askin
Kerry,Askins
Kerry,Askland
Kerstin,Askren
Kesha,Askvig
Keshia,Askwith
Keturah,Aslam
Keva,Aslanian
Keven,Asleson
Kevin,Aslett
Kevin,Asley
Khadijah,Aslin
Khalilah,Aslinger
Kia,Asma
Kiana,Asman
Kiara,Asmar
Kiera,Asmus
Kiersten,Asmussen
Kiesha,Asner
Kieth,Asnicar
Kiley,Asp
Kim,Aspacio
Kim,Aspden
Kimber,Aspegren
Kimberely,Aspell
Kimberlee,Aspen
Kimberley,Asper
Kimberli,Asperheim
Kimberlie,Aspinall
Kimberly,Aspinwall
Kimbery,Aspley
Kimbra,Asplin
Kimi,Asplund
Kimiko,Aspri
Kina,Asquith
Kindra,Asrari
King,Assad
Kip,Assael
Kira,Assaf
Kirby,Assalone
Kirby,Assante
Kirk,Asselin
Kirsten,Asselmeier
Kirstie,Asselta
Kirstin,Assenmacher
Kisha,Assing
Kit,Assis
Kittie,Assum
Kitty,Ast
Kiyoko,Asta
Kizzie,Astacio
Kizzy,Astafan
Klara,Astarita
Korey,Aste
Kori,Asters
Kortney,Astillero
Kory,Astin
Kourtney,Astle
Kraig,Astley
Kris,Astol
Kris,Astolfi
Krishna,Aston
Krissy,Astor
Krista,Astorga
Kristal,Astorino
Kristan,Astrella
Kristeen,Astrologo
Kristel,Astrup
Kristen,Astry
Kristi,Astudillo
Kristian,Asturias
Kristie,Astwood
Kristin,Asuncion
Kristina,Aswegan
Kristine,Atala
Kristle,Atallah
Kristofer,Atamanczyk
Kristopher,Atamian
Kristy,Atanacio
Kristyn,Atay
Krysta,Atcher
Krystal,Atcheson
Krysten,Atchinson
Krystin,Atchison
Krystina,Atchity
Krystle,Atchley
Krystyna,Atcitty
Kum,Aten
Kurt,Atencio
Kurtis,Atengco
Kyla,Ater
Kyle,Ates
Kyle,Atha
Kylee,Athalone
Kylie,Athan
Kym,Athanasiou
Kymberly,Athans
Kyoko,Athas
Kyong,Athay
Kyra,Athayde
Kyung,Athearn
Lacey,Athens
Lachelle,Atherholt
Laci,Atherley
Lacie,Atherton
Lacresha,Athey
Lacy,Athmann
Lacy,Athy
Ladawn,Atienza
Ladonna,Atilano
Lady,Atiles
Lael,Atiyeh
Lahoma,Atkerson
Lai,Atkeson
Laila,Atkin
Laine,Atkins
Lajuana,Atkinson
Lakeesha,Atkison
Lakeisha,Atkisson
Lakendra,Atlas
Lakenya,Atleh
Lakesha,Atma
Lakeshia,Atmore
Lakia,Atnip
Lakiesha,Atoe
Lakisha,Aton
Lakita,Ator
Lala,Atta
Lamar,Attal
Lamonica,Attanasio
Lamont,Attard
Lan,Attaway
Lana,Atteberry
Lance,Attebery
Landon,Atteburg
Lane,Atterberry
Lane,Atterbury
Lanell,Atterson
Lanelle,Atthowe
Lanette,Attia
Lang,Attianese
Lani,Attig
Lanie,Attilio
Lanita,Attinger
Lannie,Attkisson
Lanny,Attles
Lanora,Attleson
Laquanda,Attridge
Laquita,Attwell
Lara,Attwood
Larae,Atwater
Laraine,Atwell
Laree,Atwill
Larhonda,Atwood
Larisa,Atzhorn
Larissa,Atzinger
Larita,Au
Laronda,Auala
Larraine,Aube
Larry,Aubel
Larry,Auber
Larue,Auberry
Lasandra,Aubert
Lashanda,Aubertine
Lashandra,Aubin
Lashaun,Auble
Lashaunda,Aubrecht
Lashawn,Aubrey
Lashawna,Aubry
Lashawnda,Aubuchon
Lashay,Aubut
Lashell,Auces
Lashon,Auch
Lashonda,Auchmoody
Lashunda,Auck
Lasonya,Auckerman
Latanya,Auckley
Latarsha,Auclair
Latasha,Aucoin
Latashia,Aucter
Latesha,Aud
Latia,Audain
Laticia,Audas
Latina,Audelhuk
Latisha,Audet
Latonia,Audette
Latonya,Audi
Latoria,Audia
Latosha,Audibert
Latoya,Audie
Latoyia,Audirsch
Latrice,Audrey
Latricia,Auduong
Latrina,Aue
Latrisha,Auel
Launa,Auer
Laura,Auerbach
Lauralee,Auerswald
Lauran,Aufderheide
Laure,Auffrey
Laureen,Aufiero
Laurel,Auge
Lauren,Augello
Lauren,Augenstein
Laurena,Auger
Laurence,Augeri
Laurence,Aughe
Laurene,Aughenbaugh
Lauretta,Aughtman
Laurette,Aughtry
Lauri,Augle
Laurice,Augliano
Laurie,Augsburger
Laurinda,Augspurger
Laurine,August
Lauryn,Augusta
Lavada,Augustave
Lavelle,Auguste
Lavenia,Augustin
Lavera,Augustine
Lavern,Augusto
Lavern,Augustson
Laverna,Augustus
Laverne,Augustyn
Laverne,Augustyniak
Laveta,Auila
Lavette,Auiles
Lavina,Aujla
Lavinia,Aukamp
Lavon,Auker
Lavona,Aukerman
Lavonda,Aukes
Lavone,Aul
Lavonia,Aulabaugh
Lavonna,Aulbach
Lavonne,Auld
Lawana,Aulder
Lawanda,Auldridge
Lawanna,Aulds
Lawerence,Auler
Lawrence,Auletta
Lawrence,Aull
Layla,Auls
Layne,Ault
Lazaro,Aultman
Le,Aultz
Lea,Auman
Leah,Aumann
Lean,Aumavae
Leana,Aumen
Leandra,Aumend
Leandro,Aument
Leann,Aumich
Leanna,Aumick
Leanne,Aumiller
Leanora,Aun
Leatha,Auna
Leatrice,Aune
Lecia,Aungst
Leda,Aunkst
Lee,Aupperle
Lee,Auprey
Leeann,Aurand
Leeanna,Aurelia
Leeanne,Aurelio
Leena,Aures
Leesa,Aurges
Leia,Auricchio
Leida,Aurich
Leif,Auringer
Leigh,Aurora
Leigh,Aurrichio
Leigha,Aus
Leighann,Ausbrooks
Leila,Ausburn
Leilani,Ausby
Leisa,Ausdemore
Leisha,Ausherman
Lekisha,Ausiello
Lela,Auslam
Lelah,Ausland
Leland,Auslander
Lelia,Ausley
Lemuel,Ausman
Len,Ausmus
Lena,Aust
Lenard,Austad
Lenita,Austell
Lenna,Austen
Lennie,Auster
Lenny,Austerberry
Lenora,Austgen
Lenore,Austill
Leo,Austin
Leo,Austine
Leola,Austino
Leoma,Auston
Leon,Austria
Leon,Autaubo
Leona,Auten
Leonard,Auter
Leonarda,Auteri
Leonardo,Autery
Leone,Authement
Leonel,Auther
Leonia,Authur
Leonida,Autin
Leonie,Autio
Leonila,Autman
Leonor,Autobee
Leonora,Auton
Leonore,Autovino
Leontine,Autrano
Leopoldo,Autrey
Leora,Autry
Leota,Autullo
Lera,Auvil
Leroy,Auwaerter
Les,Auwarter
Lesa,Auxier
Lesha,Auxilien
Lesia,Auyer
Leslee,Auyeung
Lesley,Auyon
Lesley,Auyong
Lesli,Auzat
Leslie,Auzenne
Leslie,Auzston
Lessie,Avala
Lester,Avallone
Lester,Avalos
Leta,Avance
Letha,Avancena
Leticia,Avans
Letisha,Avansino
Letitia,Avant
Lettie,Avants
Letty,Avanzato
Levi,Avarbuch
Lewis,Avary
Lewis,Ave
Lexie,Aveado
Lezlie,Avelar
Li,Aveles
Lia,Aveline
Liana,Avelino
Liane,Avella
Lianne,Avellaneda
Libbie,Avellano
Libby,Avellar
Liberty,Avellino
Librada,Avello
Lida,Avena
Lidia,Avendano
Lien,Aveni
Lieselotte,Avenia
Ligia,Avenoso
Lila,Avent
Lili,Aver
Lilia,Avera
Lilian,Averbach
Liliana,Averbeck
Lilla,Averett
Lilli,Averette
Lillia,Averhart
Lilliam,Averill
Lillian,Averitt
Lilliana,Averitte
Lillie,Avers
Lilly,Aversa
Lily,Aversano
Lin,Avery
Lina,Averyt
Lincoln,Avetisyan
Linda,Avey
Lindsay,Avie
Lindsay,Avila
Lindsey,Avilar
Lindsey,Aviles
Lindsy,Avilez
Lindy,Avilla
Linette,Avina
Ling,Avinger
Linh,Avino
Linn,Avirett
Linnea,Avis
Linnie,Avison
Lino,Avita
Linsey,Avitabile
Linwood,Avitia
Lionel,Avner
Lisa,Avola
Lisabeth,Avolio
Lisandra,Avon
Lisbeth,Avona
Lise,Avrett
Lisette,Avril
Lisha,Aw
Lissa,Awad
Lissette,Awada
Lita,Awai
Livia,Awalt
Liz,Awbrey
Liza,Awe
Lizabeth,Awender
Lizbeth,Awkard
Lizeth,Awkward
Lizette,Awong
Lizzette,Awtrey
Lizzie,Awtry
Lloyd,Awyie
Loan,Ax
Logan,Axe
Logan,Axel
Loida,Axelrad
Lois,Axelrod
Loise,Axelsen
Lola,Axelson
Lolita,Axford
Loma,Axley
Lon,Axline
Lona,Axman
Londa,Axon
Long,Axsom
Loni,Axson
Lonna,Axt
Lonnie,Axtell
Lonnie,Axthelm
Lonny,Axtman
Lora,Axton
Loraine,Ayaia
Loralee,Ayala
Lore,Ayalla
Lorean,Ayars
Loree,Ayarza
Loreen,Aybar
Lorelei,Aycock
Loren,Aycox
Loren,Aydelott
Lorena,Aydin
Lorene,Aydlett
Lorenza,Aydt
Lorenzo,Aye
Loreta,Ayele
Loretta,Ayer
Lorette,Ayers
Lori,Ayersman
Loria,Ayhens
Loriann,Aykroid
Lorie,Ayles
Lorilee,Aylesworth
Lorina,Ayling
Lorinda,Aylock
Lorine,Aylor
Loris,Aylsworth
Lorita,Aylward
Lorna,Aymar
Lorraine,Aymond
Lorretta,Aynes
Lorri,Ayo
Lorriane,Ayola
Lorrie,Ayon
Lorrine,Ayoob
Lory,Ayotte
Lottie,Ayoub
Lou,Ayre
Lou,Ayres
Louann,Ayscue
Louanne,Aysien
Louella,Aytes
Louetta,Ayudan
Louie,Ayuso
Louie,Ayyad
Louis,Azad
Louis,Azahar
Louisa,Azapinto
Louise,Azar
Loura,Azatyan
Lourdes,Azbell
Lourie,Azbill
Louvenia,Azcona
Love,Azebedo
Lovella,Azeem
Lovetta,Azen
Lovie,Azer
Lowell,Azevedo
Loyce,Azhocar
Loyd,Azim
Lu,Azimi
Luana,Aziz
Luann,Azor
Luanna,Azore
Luanne,Azotea
Luba,Azoulay
Lucas,Azua
Luci,Azulay
Lucia,Azuma
Luciana,Azure
Luciano,Azzano
Lucie,Azzara
Lucien,Azzarella
Lucienne,Azzarito
Lucila,Azzaro
Lucile,Azznara
Lucilla,Azzopardi
Lucille,Ba
Lucina,Baab
Lucinda,Baack
Lucio,Baade
Lucius,Baadsgaard
Lucrecia,Baar
Lucretia,Baars
Lucy,Baarts
Ludie,Baas
Ludivina,Baatz
Lue,Bab
Luella,Baba
Luetta,Babat
Luigi,Babauta
Luis,Babb
Luis,Babbel
Luisa,Babbin
Luise,Babbish
Luke,Babbit
Lula,Babbitt
Lulu,Babbs
Luna,Babcock
Lupe,Babe
Lupe,Babecki
Lupita,Babel
Lura,Babena
Lurlene,Baber
Lurline,Babers
Luther,Babeu
Luvenia,Babey
Luz,Babiarz
Lyda,Babic
Lydia,Babich
Lyla,Babick
Lyle,Babicke
Lyman,Babicz
Lyn,Babikian
Lynda,Babilon
Lyndia,Babilonia
Lyndon,Babin
Lyndsay,Babine
Lyndsey,Babineau
Lynell,Babineaux
Lynelle,Babington
Lynetta,Babino
Lynette,Babinski
Lynn,Babione
Lynn,Babiracki
Lynna,Babish
Lynne,Babitsch
Lynnette,Babjeck
Lynsey,Bablak
Lynwood,Bable
Ma,Babonis
Mabel,Babrow
Mabelle,Babson
Mable,Babst
Mac,Babu
Machelle,Babula
Macie,Babyak
Mack,Baca
Mackenzie,Bacak
Macy,Bacarella
Madalene,Bacayo
Madaline,Bacca
Madalyn,Baccam
Maddie,Baccari
Madelaine,Bacchi
Madeleine,Bacchus
Madelene,Bacco
Madeline,Baccouche
Madelyn,Baccus
Madge,Bacerra
Madie,Bach
Madison,Bacha
Madlyn,Bachan
Madonna,Bachand
Mae,Bachar
Maegan,Bachas
Mafalda,Bache
Magali,Bachelder
Magaly,Bachelor
Magan,Bacher
Magaret,Bachert
Magda,Bachhuber
Magdalen,Bachicha
Magdalena,Bachinski
Magdalene,Bachleda
Magen,Bachler
Maggie,Bachman
Magnolia,Bachmann
Mahalia,Bachmeier
Mai,Bachmeyer
Maia,Bachner
Maida,Bacho
Maile,Bachor
Maira,Bachorski
Maire,Bachrach
Maisha,Bachrodt
Maisie,Bachta
Major,Bachtel
Majorie,Bachtell
Makeda,Bachtold
Malcolm,Bachus
Malcom,Bacich
Malena,Bacigalupi
Malia,Bacigalupo
Malik,Bacik
Malika,Bacino
Malinda,Bacio
Malisa,Back
Malissa,Backbone
Malka,Backe
Mallie,Backen
Mallory,Backenstose
Malorie,Backer
Malvina,Backers
Mamie,Backes
Mammie,Backey
Man,Backfisch
Man,Backhaus
Mana,Backhuus
Manda,Backlund
Mandi,Backman
Mandie,Backmon
Mandy,Backous
Manie,Backstrom
Manual,Backues
Manuel,Backus
Manuela,Bacman
Many,Bacolor
Mao,Bacon
Maple,Bacone
Mara,Bacorn
Maragaret,Bacot
Maragret,Bacote
Maranda,Baculpo
Marc,Bacurin
Marcel,Bacus
Marcela,Bacy
Marcelene,Baczewski
Marcelina,Bad
Marceline,Badagliacca
Marcelino,Badal
Marcell,Badalamenti
Marcella,Badame
Marcelle,Badami
Marcellus,Badamo
Marcelo,Badanguio
Marcene,Badasci
Marchelle,Baddeley
Marci,Badder
Marcia,Badders
Marcie,Baddley
Marco,Baddour
Marcos,Bade
Marcus,Badeau
Marcy,Badeaux
Mardell,Baden
Maren,Badena
Marg,Badenoch
Margaret,Bader
Margareta,Badertscher
Margarete,Badey
Margarett,Badger
Margaretta,Badgero
Margarette,Badget
Margarita,Badgett
Margarite,Badgley
Margarito,Badia
Margart,Badie
Marge,Badilla
Margene,Badillo
Margeret,Badini
Margert,Badlam
Margery,Badley
Marget,Badman
Margherita,Bado
Margie,Badolato
Margit,Badon
Margo,Badoni
Margorie,Badour
Margot,Badruddin
Margret,Badua
Margrett,Badura
Marguerita,Bady
Marguerite,Badzinski
Margurite,Bae
Margy,Baehr
Marhta,Baek
Mari,Baell
Maria,Baena
Maria,Baenziger
Mariah,Baer
Mariam,Baerg
Marian,Baerga
Mariana,Baeringer
Marianela,Baerlocher
Mariann,Baerman
Marianna,Baese
Marianne,Baeskens
Mariano,Baessler
Maribel,Baetz
Maribeth,Baez
Marica,Baeza
Maricela,Baff
Maricruz,Baffa
Marie,Bafford
Mariel,Baffuto
Mariela,Bafia
Mariella,Bagan
Marielle,Bagaoisan
Marietta,Bagby
Mariette,Bagdasarian
Mariko,Bagdon
Marilee,Bagdonas
Marilou,Bageant
Marilu,Bagen
Marilyn,Bagent
Marilynn,Bagg
Marin,Bagge
Marina,Baggenstoss
Marinda,Bagger
Marine,Baggerly
Mario,Baggesen
Mario,Baggett
Marion,Baggette
Marion,Baggio
Maris,Baggott
Marisa,Baggs
Marisela,Baghdasarian
Marisha,Bagheri
Marisol,Bagi
Marissa,Baginski
Marita,Bagley
Maritza,Baglione
Marivel,Bagnall
Marjorie,Bagnaschi
Marjory,Bagnato
Mark,Bagne
Mark,Bagnell
Marketta,Bagner
Markita,Bagni
Markus,Bagnoli
Marla,Bagoyo
Marlana,Bagozzi
Marleen,Bagron
Marlen,Bagsby
Marlena,Bagshaw
Marlene,Bagu
Marlin,Bagwell
Marlin,Bagwill
Marline,Bah
Marlo,Bahadue
Marlon,Baham
Marlyn,Bahamonde
Marlys,Bahar
Marna,Bahde
Marni,Bahe
Marnie,Bahena
Marquerite,Baher
Marquetta,Bahl
Marquis,Bahler
Marquita,Bahlmann
Marquitta,Bahls
Marry,Bahm
Marsha,Bahn
Marshall,Bahner
Marshall,Bahnsen
Marta,Bahoora
Marth,Bahr
Martha,Bahri
Marti,Bahrke
Martin,Bahrmasel
Martin,Bahrs
Martina,Bahun
Martine,Bai
Marty,Baibak
Marty,Baich
Marva,Baichan
Marvel,Baier
Marvella,Baiera
Marvin,Baierl
Marvis,Baig
Marx,Baik
Mary,Bail
Mary,Bailado
Marya,Bailard
Maryalice,Baile
Maryam,Bailer
Maryann,Bailes
Maryanna,Bailey
Maryanne,Bailie
Marybelle,Bailiff
Marybeth,Bailin
Maryellen,Baillargeon
Maryetta,Baille
Maryjane,Baillet
Maryjo,Bailleu
Maryland,Baillie
Marylee,Baillio
Marylin,Bailly
Maryln,Bailon
Marylou,Bailony
Marylouise,Bailor
Marylyn,Baily
Marylynn,Baim
Maryrose,Baima
Masako,Bain
Mason,Bainard
Matha,Bainbridge
Mathew,Baine
Mathilda,Bainer
Mathilde,Baines
Matilda,Bainey
Matilde,Bains
Matt,Bainter
Matthew,Bainum
Matthew,Baio
Mattie,Baiotto
Maud,Bair
Maude,Bairam
Maudie,Baird
Maura,Baires
Maureen,Bairo
Maurice,Bairos
Maurice,Baisch
Mauricio,Baisden
Maurine,Baise
Maurita,Baisey
Mauro,Baish
Mavis,Baisley
Max,Baison
Maxie,Baisten
Maxima,Baites
Maximina,Baitg
Maximo,Baitner
Maxine,Baity
Maxwell,Baiz
May,Baiza
Maya,Baize
Maybell,Baizer
Maybelle,Baj
Maye,Bajaj
Mayme,Bajdas
Maynard,Bajek
Mayola,Bajko
Mayra,Bajorek
Mazie,Bajwa
Mckenzie,Bak
Mckinley,Baka
Meagan,Bakalar
Meaghan,Bakalars
Mechelle,Bakaler
Meda,Bakanauskas
Mee,Bake
Meg,Bakeley
Megan,Bakemeier
Meggan,Baken
Meghan,Baker
Meghann,Bakerville
Mei,Bakes
Mel,Bakewell
Melaine,Bakey
Melani,Bakhshian
Melania,Bakios
Melanie,Bakkala
Melany,Bakke
Melba,Bakken
Melda,Bakker
Melia,Bakko
Melida,Bakkum
Melina,Bakley
Melinda,Baklund
Melisa,Bakos
Melissa,Bakowski
Melissia,Bakr
Melita,Baksh
Mellie,Bakshi
Mellisa,Baksi
Mellissa,Bakst
Melodee,Bakula
Melodi,Bal
Melodie,Bala
Melody,Balaam
Melonie,Balaban
Melony,Baladejo
Melva,Balado
Melvin,Balafoutas
Melvin,Balagtas
Melvina,Balak
Melynda,Balancia
Mendy,Balandran
Mercedes,Balangatan
Mercedez,Balanoff
Mercy,Balas
Meredith,Balasa
Meri,Balasco
Merideth,Balash
Meridith,Balaski
Merilyn,Balasko
Merissa,Balassi
Merle,Balasubramani
Merle,Balay
Merlene,Balaz
Merlin,Balazs
Merlyn,Balbas
Merna,Balbi
Merri,Balbin
Merrie,Balboa
Merrilee,Balboni
Merrill,Balbontin
Merrill,Balbuena
Merry,Balcazar
Mertie,Balceiro
Mervin,Balcer
Meryl,Balcerzak
Meta,Balch
Mi,Balchunas
Mia,Balcitis
Mica,Balck
Micaela,Balckburn
Micah,Balckwell
Micah,Balcom
Micha,Balcomb
Michael,Balcorta
Michael,Balcos
Michaela,Bald
Michaele,Balda
Michal,Baldacchino
Michal,Baldacci
Michale,Baldasaro
Micheal,Baldassano
Micheal,Baldassara
Michel,Baldassare
Michel,Baldassarre
Michele,Baldauf
Michelina,Balde
Micheline,Baldearena
Michell,Baldelli
Michelle,Balden
Michiko,Baldenegro
Mickey,Balder
Mickey,Balderama
Micki,Balderas
Mickie,Balderrama
Miesha,Balderree
Migdalia,Balderson
Mignon,Balderston
Miguel,Baldi
Miguelina,Balding
Mika,Baldinger
Mikaela,Baldini
Mike,Baldino
Mike,Baldivia
Mikel,Baldiviez
Miki,Baldo
Mikki,Baldock
Mila,Baldomero
Milagro,Baldon
Milagros,Baldonado
Milan,Baldor
Milda,Baldos
Mildred,Baldree
Miles,Baldrey
Milford,Baldridge
Milissa,Baldrige
Millard,Balducci
Millicent,Balduf
Millie,Baldus
Milly,Balduzzi
Milo,Baldwin
Milton,Baldwyn
Mimi,Baldy
Min,Baldyga
Mina,Bale
Minda,Balensiefen
Mindi,Balent
Mindy,Balentine
Minerva,Balerio
Ming,Bales
Minh,Balestra
Minh,Balestrieri
Minna,Balette
Minnie,Baley
Minta,Balezentis
Miquel,Balfany
Mira,Balfe
Miranda,Balford
Mireille,Balfour
Mirella,Balhorn
Mireya,Bali
Miriam,Balian
Mirian,Balich
Mirna,Balick
Mirta,Balicki
Mirtha,Baliga
Misha,Baligod
Miss,Balin
Missy,Balint
Misti,Balis
Mistie,Balish
Misty,Balistreri
Mitch,Balistrieri
Mitchel,Balitas
Mitchell,Balius
Mitchell,Balk
Mitsue,Balkcom
Mitsuko,Balke
Mittie,Balkey
Mitzi,Balkin
Mitzie,Balko
Miyoko,Balkus
Modesta,Ball
Modesto,Balla
Mohamed,Balladares
Mohammad,Ballagas
Mohammed,Ballagh
Moira,Ballam
Moises,Ballan
Mollie,Ballance
Molly,Ballantine
Mona,Ballantyne
Monet,Ballar
Monica,Ballard
Monika,Ballas
Monique,Ballato
Monnie,Balle
Monroe,Ballejos
Monserrate,Ballek
Monte,Ballen
Monty,Ballena
Moon,Ballengee
Mora,Ballenger
Morgan,Ballensky
Morgan,Ballentine
Moriah,Baller
Morris,Ballerini
Morton,Balles
Mose,Ballestas
Moses,Ballester
Moshe,Ballestero
Mozell,Ballesteros
Mozella,Ballesterous
Mozelle,Balletta
Mui,Balletto
Muoi,Ballew
Muriel,Balley
Murray,Ballez
My,Balleza
Myesha,Balli
Myles,Balliet
Myong,Balliett
Myra,Balliew
Myriam,Ballif
Myrl,Ballin
Myrle,Ballina
Myrna,Balling
Myron,Ballinger
Myrta,Ballintyn
Myrtice,Ballman
Myrtie,Ballmann
Myrtis,Ballmer
Myrtle,Ballog
Myung,Ballon
Na,Balloon
Nada,Ballou
Nadene,Ballow
Nadia,Ballowe
Nadine,Ballreich
Naida,Balls
Nakesha,Balluch
Nakia,Ballweg
Nakisha,Bally
Nakita,Balm
Nam,Balmaceda
Nan,Balmer
Nana,Balmes
Nancee,Balmir
Nancey,Balmores
Nanci,Balmos
Nancie,Balnis
Nancy,Balo
Nanette,Balock
Nannette,Balog
Nannie,Balogh
Naoma,Balogun
Naomi,Balok
Napoleon,Balon
Narcisa,Balonek
Natacha,Balow
Natalia,Balowski
Natalie,Baloy
Natalya,Balque
Natasha,Balsam
Natashia,Balsamo
Nathalie,Balsano
Nathan,Balser
Nathanael,Balsiger
Nathanial,Balsis
Nathaniel,Balsley
Natisha,Balson
Natividad,Balster
Natosha,Baltazar
Neal,Baltazor
Necole,Balter
Ned,Baltes
Neda,Balthazar
Nedra,Balthazor
Neely,Balthrop
Neida,Baltierra
Neil,Baltimore
Nelda,Baltodano
Nelia,Balton
Nelida,Baltrip
Nell,Baltruweit
Nella,Baltz
Nelle,Baltzell
Nellie,Baltzer
Nelly,Baltzley
Nelson,Balvanz
Nena,Balwin
Nenita,Balwinski
Neoma,Balyeat
Neomi,Balza
Nereida,Balzano
Nerissa,Balzarine
Nery,Balzarini
Nestor,Balzer
Neta,Balzotti
Nettie,Bamba
Neva,Bambace
Nevada,Bambach
Neville,Bambaci
Newton,Bambacigno
Nga,Bambas
Ngan,Bambeck
Ngoc,Bambenek
Nguyet,Bamber
Nia,Bamberg
Nichelle,Bamberger
Nichol,Bambhrolia
Nicholas,Bambino
Nichole,Bambrick
Nicholle,Bamburg
Nick,Bame
Nicki,Bamfield
Nickie,Bamford
Nickolas,Bamforth
Nickole,Bammon
Nicky,Ban
Nicky,Banaag
Nicol,Banach
Nicola,Banahan
Nicolas,Banales
Nicolasa,Banana
Nicole,Banas
Nicolette,Banasiak
Nicolle,Banaszak
Nida,Banaszek
Nidia,Banbury
Niesha,Bance
Nieves,Banchero
Nigel,Bancks
Niki,Banco
Nikia,Bancourt
Nikita,Bancroft
Nikki,Band
Nikole,Banda
Nila,Bandanza
Nilda,Bandarra
Nilsa,Bandasak
Nina,Bandel
Ninfa,Bandemer
Nisha,Banderas
Nita,Bandin
Noah,Bandle
Noble,Bandley
Nobuko,Bandt
Noe,Banducci
Noel,Bandulin
Noel,Bandura
Noelia,Bandy
Noella,Bandyk
Noelle,Bane
Noemi,Banecker
Nohemi,Banegas
Nola,Banek
Nolan,Banerjee
Noma,Banerji
Nona,Banes
Nora,Banet
Norah,Baney
Norbert,Banez
Norberto,Banfield
Noreen,Banfill
Norene,Bang
Noriko,Bangert
Norine,Banghart
Norma,Bangle
Norman,Bangs
Norman,Bangura
Normand,Banh
Norris,Bania
Nova,Baniaga
Novella,Banick
Nu,Banik
Nubia,Banis
Numbers,Banister
Numbers,Bank
Nydia,Bankard
Nyla,Banke
Obdulia,Bankemper
Ocie,Banker
Octavia,Bankert
Octavio,Bankes
Oda,Bankey
Odelia,Bankhead
Odell,Banko
Odell,Bankos
Odessa,Bankowski
Odette,Banks
Odilia,Bankson
Odis,Bankston
Ofelia,Bann
Ok,Bannan
Ola,Banner
Olen,Bannerman
Olene,Bannett
Oleta,Banning
Olevia,Bannister
Olga,Bannon
Olimpia,Bannowsky
Olin,Banome
Olinda,Banos
Oliva,Banowetz
Olive,Banowski
Oliver,Bansal
Olivia,Bansbach
Ollie,Banse
Ollie,Bansmer
Olympia,Banta
Oma,Bantay
Omar,Banter
Omega,Banther
Omer,Bantillan
Ona,Bantin
Oneida,Banton
Onie,Bantug
Onita,Bantz
Opal,Banuelos
Ophelia,Banvelos
Ora,Banville
Oralee,Banwarth
Oralia,Banwell
Oren,Banyas
Oretha,Banzhaf
Orlando,Baoloy
Orpha,Bapties
Orval,Baptise
Orville,Baptist
Oscar,Baptista
Oscar,Baptiste
Ossie,Baque
Osvaldo,Baquero
Oswaldo,Baquet
Otelia,Baquiran
Otha,Bar
Otha,Bara
Otilia,Baraban
Otis,Barabas
Otto,Barabin
Ouida,Baraby
Owen,Baracani
Ozell,Barach
Ozella,Barad
Ozie,Baradi
Pa,Baragan
Pablo,Baragar
Page,Barager
Paige,Baragona
Palma,Barahana
Palmer,Barahona
Palmira,Barajas
Pam,Barajos
Pamala,Barak
Pamela,Barakat
Pamelia,Baral
Pamella,Baran
Pamila,Baranga
Pamula,Baranick
Pandora,Baranoski
Pansy,Baranovic
Paola,Baranow
Paris,Baranowski
Paris,Baranski
Parker,Baransky
Parthenia,Baras
Particia,Barasch
Pasquale,Barash
Pasty,Baratta
Pat,Baratto
Pat,Baraw
Patience,Baray
Patria,Barayuga
Patrica,Barb
Patrice,Barba
Patricia,Barbadillo
Patricia,Barbagallo
Patrick,Barbagelata
Patrick,Barbaglia
Patrina,Barbalich
Patsy,Barban
Patti,Barbano
Pattie,Barbar
Patty,Barbara
Paul,Barbare
Paul,Barbaria
Paula,Barbarin
Paulene,Barbarino
Pauletta,Barbarito
Paulette,Barbaro
Paulina,Barbati
Pauline,Barbato
Paulita,Barbaza
Paz,Barbe
Pearl,Barbeau
Pearle,Barbee
Pearlene,Barbella
Pearlie,Barben
Pearline,Barber
Pearly,Barbera
Pedro,Barberi
Peg,Barberian
Peggie,Barberio
Peggy,Barberis
Pei,Barbero
Penelope,Barberr
Penney,Barbetta
Penni,Barbian
Pennie,Barbie
Penny,Barbier
Percy,Barbiere
Perla,Barbieri
Perry,Barbin
Perry,Barbini
Pete,Barbish
Peter,Barbo
Peter,Barbone
Petra,Barbor
Petrina,Barbosa
Petronila,Barbot
Phebe,Barbour
Phil,Barboza
Philip,Barbre
Phillip,Barbrick
Phillis,Barbu
Philomena,Barbur
Phoebe,Barbuto
Phung,Barby
Phuong,Barca
Phylicia,Barcello
Phylis,Barcellos
Phyliss,Barcelo
Phyllis,Barcelona
Pia,Barcena
Piedad,Barcenas
Pierre,Barch
Pilar,Barchacky
Ping,Barchick
Pinkie,Barchus
Piper,Barcia
Pok,Barcik
Polly,Barck
Porfirio,Barclay
Porsche,Barcley
Porsha,Barcliff
Porter,Barclift
Portia,Barco
Precious,Barcomb
Preston,Barcroft
Pricilla,Barcus
Prince,Barczak
Princess,Bard
Priscila,Barda
Priscilla,Bardach
Providencia,Bardales
Prudence,Barde
Pura,Bardeen
Qiana,Bardell
Queen,Barden
Queenie,Bardes
Quentin,Bardill
Quiana,Bardin
Quincy,Bardis
Quinn,Bardney
Quinn,Bardo
Quintin,Bardon
Quinton,Bardoner
Quyen,Bardos
Rachael,Bardsley
Rachal,Bardwell
Racheal,Bare
Rachel,Barefield
Rachele,Barefoot
Rachell,Bareford
Rachelle,Bareilles
Racquel,Bareis
Rae,Barela
Raeann,Barella
Raelene,Baremore
Rafael,Barends
Rafaela,Barentine
Raguel,Barer
Raina,Barera
Raisa,Bares
Raleigh,Baresi
Ralph,Barett
Ramiro,Barette
Ramon,Barff
Ramona,Barfield
Ramonita,Barfknecht
Rana,Barfoot
Ranae,Barfuss
Randa,Barg
Randal,Barga
Randall,Barganier
Randee,Bargar
Randell,Bargas
Randi,Barge
Randolph,Bargen
Randy,Barger
Randy,Bargeron
Ranee,Bargerstock
Raphael,Barges
Raquel,Barginear
Rashad,Bargmann
Rasheeda,Bargo
Rashida,Bargstadt
Raul,Barham
Raven,Barhorst
Ray,Barhydt
Ray,Bari
Raye,Baria
Rayford,Barias
Raylene,Baribeau
Raymon,Barich
Raymond,Barick
Raymond,Barickman
Raymonde,Baridon
Raymundo,Barie
Rayna,Barientos
Rea,Baril
Reagan,Barile
Reanna,Barill
Reatha,Barillari
Reba,Barillaro
Rebbeca,Barillas
Rebbecca,Barillo
Rebeca,Barimah
Rebecca,Baringer
Rebecka,Barino
Rebekah,Bario
Reda,Barios
Reed,Baris
Reena,Barish
Refugia,Barjas
Refugio,Barjenbruch
Refugio,Bark
Regan,Barkalow
Regena,Barkan
Regenia,Barkdoll
Reggie,Barkdull
Regina,Barke
Reginald,Barkema
Regine,Barken
Reginia,Barkenhagen
Reid,Barker
Reiko,Barkes
Reina,Barket
Reinaldo,Barkett
Reita,Barkhimer
Rema,Barkhurst
Remedios,Barkie
Remona,Barkins
Rena,Barkle
Renae,Barkley
Renaldo,Barklow
Renata,Barkman
Renate,Barko
Renato,Barks
Renay,Barksdale
Renda,Barkus
Rene,Barlage
Rene,Barlak
Renea,Barlau
Renee,Barlett
Renetta,Barletta
Renita,Barlette
Renna,Barley
Ressie,Barlip
Reta,Barlock
Retha,Barlow
Retta,Barlowe
Reuben,Barlup
Reva,Barman
Rex,Barmer
Rey,Barmes
Reyes,Barmettler
Reyna,Barmore
Reynalda,Barn
Reynaldo,Barna
Rhea,Barnaba
Rheba,Barnaby
Rhett,Barnacle
Rhiannon,Barnak
Rhoda,Barnar
Rhona,Barnard
Rhonda,Barnas
Ria,Barnathan
Ricarda,Barncastle
Ricardo,Barndt
Rich,Barne
Richard,Barnebey
Richard,Barnell
Richelle,Barner
Richie,Barners
Rick,Barnes
Rickey,Barness
Ricki,Barnet
Rickie,Barnett
Rickie,Barnette
Ricky,Barney
Rico,Barnfield
Rigoberto,Barnhardt
Rikki,Barnhart
Riley,Barnhill
Rima,Barnhouse
Rina,Barnhurst
Risa,Barnick
Rita,Barnicle
Riva,Barninger
Rivka,Barno
Rob,Barnoski
Robbi,Barns
Robbie,Barnscater
Robbie,Barnt
Robbin,Barnthouse
Robby,Barnum
Robbyn,Barnwell
Robena,Baro
Robert,Barocio
Robert,Baroldy
Roberta,Baron
Roberto,Barona
Roberto,Barone
Robin,Baroni
Robin,Baronne
Robt,Baroody
Robyn,Baros
Rocco,Barquera
Rochel,Barr
Rochell,Barra
Rochelle,Barrack
Rocio,Barraclough
Rocky,Barraco
Rod,Barragan
Roderick,Barrale
Rodger,Barran
Rodney,Barranca
Rodolfo,Barranco
Rodrick,Barranger
Rodrigo,Barras
Rogelio,Barrasa
Roger,Barratt
Roland,Barraz
Rolanda,Barraza
Rolande,Barre
Rolando,Barreca
Rolf,Barreda
Rolland,Barredo
Roma,Barree
Romaine,Barreira
Roman,Barreiro
Romana,Barrell
Romelia,Barren
Romeo,Barrena
Romona,Barreneche
Ron,Barrentine
Rona,Barrer
Ronald,Barrera
Ronald,Barreras
Ronda,Barrero
Roni,Barresi
Ronna,Barret
Ronni,Barrete
Ronnie,Barreto
Ronnie,Barrett
Ronny,Barretta
Roosevelt,Barrette
Rory,Barretto
Rory,Barria
Rosa,Barriault
Rosalba,Barribeau
Rosalee,Barricelli
Rosalia,Barrick
Rosalie,Barrickman
Rosalina,Barrie
Rosalind,Barrieau
Rosalinda,Barrientes
Rosaline,Barrientez
Rosalva,Barrientos
Rosalyn,Barrier
Rosamaria,Barriere
Rosamond,Barries
Rosana,Barriga
Rosann,Barrigan
Rosanna,Barriger
Rosanne,Barrile
Rosaria,Barrilleaux
Rosario,Barrineau
Rosario,Barriner
Rosaura,Barringer
Roscoe,Barrington
Rose,Barrio
Roseann,Barrios
Roseanna,Barris
Roseanne,Barrish
Roselee,Barritt
Roselia,Barro
Roseline,Barrocas
Rosella,Barrois
Roselle,Barrom
Roselyn,Barron
Rosemarie,Barros
Rosemary,Barroso
Rosena,Barrott
Rosenda,Barrow
Rosendo,Barrowman
Rosetta,Barrows
Rosette,Barrs
Rosia,Barrus
Rosie,Barry
Rosina,Barryman
Rosio,Bars
Rosita,Barsalou
Roslyn,Barsamian
Ross,Barsanti
Rossana,Barscewski
Rossie,Barsch
Rosy,Barschdoor
Rowena,Barsegyan
Roxana,Barsh
Roxane,Barshaw
Roxann,Barski
Roxanna,Barsky
Roxanne,Barsness
Roxie,Barson
Roxy,Barsotti
Roy,Barsoum
Roy,Barstad
Royal,Barstow
Royce,Barsuhn
Royce,Barswell
Rozanne,Bart
Rozella,Barta
Ruben,Bartamian
Rubi,Bartash
Rubie,Bartberger
Rubin,Bartch
Ruby,Bartczak
Rubye,Barte
Rudolf,Bartee
Rudolph,Bartek
Rudy,Bartel
Rudy,Bartell
Rueben,Bartels
Rufina,Bartelson
Rufus,Bartelt
Rupert,Bartenfield
Russ,Barter
Russel,Barters
Russell,Bartgis
Russell,Barth
Rusty,Bartha
Ruth,Barthe
Rutha,Barthel
Ruthann,Barthelemy
Ruthanne,Barthell
Ruthe,Barthelman
Ruthie,Barthelmes
Ryan,Barthen
Ryan,Barthlow
Ryann,Barthol
Sabina,Barthold
Sabine,Bartholemew
Sabra,Bartholf
Sabrina,Bartholic
Sacha,Bartholomay
Sachiko,Bartholomeu
Sade,Bartholomew
Sadie,Bartholow
Sadye,Bartimus
Sage,Bartin
Sal,Bartkiewicz
Salena,Bartko
Salina,Bartkowiak
Salley,Bartkowski
Sallie,Bartkus
Sally,Bartl
Salome,Bartle
Salvador,Bartlebaugh
Salvatore,Bartles
Sam,Bartleson
Sam,Bartlet
Samantha,Bartlett
Samara,Bartlette
Samatha,Bartley
Samella,Bartling
Samira,Bartlome
Sammie,Bartlone
Sammie,Bartlow
Sammy,Bartman
Sammy,Bartmes
Samual,Bartmess
Samuel,Bartnett
Samuel,Bartnick
Sana,Bartnik
Sanda,Barto
Sandee,Bartol
Sandi,Bartoldus
Sandie,Bartolet
Sandra,Bartoletti
Sandy,Bartoli
Sandy,Bartolini
Sanford,Bartolo
Sang,Bartolome
Sang,Bartolomei
Sanjuana,Bartolomeo
Sanjuanita,Bartolomucci
Sanora,Bartolone
Santa,Bartolotta
Santana,Bartolotto
Santiago,Barton
Santina,Bartone
Santo,Bartos
Santos,Bartosch
Santos,Bartosh
Sara,Bartosiak
Sarah,Bartosiewicz
Sarai,Bartosik
Saran,Bartosz
Sari,Bartoszek
Sarina,Bartow
Sarita,Bartram
Sasha,Bartron
Saturnina,Bartrop
Sau,Bartrum
Saul,Barts
Saundra,Bartsch
Savanna,Bartucca
Savannah,Bartucci
Scarlet,Bartula
Scarlett,Bartunek
Scot,Bartus
Scott,Bartush
Scott,Bartuska
Scottie,Bartylla
Scottie,Bartz
Scotty,Baruch
Sean,Barufaldi
Sean,Baruffa
Season,Baruffi
Sebastian,Barus
Sebrina,Barut
See,Baruth
Seema,Barvick
Selena,Barvosa
Selene,Barwell
Selina,Barwick
Selma,Bary
Sena,Barz
Senaida,Barze
September,Barzey
Serafina,Basa
Serena,Basaldua
Sergio,Basanta
Serina,Basara
Serita,Basbas
Seth,Bascas
Setsuko,Bascetta
Seymour,Basch
Sha,Bascle
Shad,Basco
Shae,Bascom
Shaina,Bascomb
Shakia,Bascombe
Shakira,Basden
Shakita,Base
Shala,Basehore
Shalanda,Basel
Shalon,Baseler
Shalonda,Baseley
Shameka,Baselice
Shamika,Baseman
Shan,Basemore
Shana,Basey
Shanae,Basford
Shanda,Basgall
Shandi,Bash
Shandra,Basha
Shane,Basham
Shane,Bashara
Shaneka,Bashaw
Shanel,Basher
Shanell,Bashford
Shanelle,Bashi
Shani,Bashinelli
Shanice,Bashir
Shanika,Bashline
Shaniqua,Bashor
Shanita,Bashore
Shanna,Basich
Shannan,Basil
Shannon,Basila
Shannon,Basile
Shanon,Basiliere
Shanta,Basilio
Shantae,Basilone
Shantay,Basinger
Shante,Basini
Shantel,Basinski
Shantell,Basista
Shantelle,Baskas
Shanti,Baskerville
Shaquana,Basket
Shaquita,Baskett
Shara,Baskette
Sharan,Baskin
Sharda,Baskind
Sharee,Baskins
Sharell,Baskow
Sharen,Basler
Shari,Basley
Sharice,Basner
Sharie,Basnett
Sharika,Basnight
Sharilyn,Basom
Sharita,Bason
Sharla,Basone
Sharleen,Basora
Sharlene,Basore
Sharmaine,Basque
Sharolyn,Basques
Sharon,Basquez
Sharonda,Bass
Sharri,Bassage
Sharron,Bassali
Sharyl,Bassani
Sharyn,Bassano
Shasta,Basse
Shaun,Bassel
Shaun,Basset
Shauna,Bassett
Shaunda,Bassette
Shaunna,Bassetti
Shaunta,Bassford
Shaunte,Bassham
Shavon,Bassi
Shavonda,Bassil
Shavonne,Bassin
Shawana,Bassiti
Shawanda,Bassler
Shawanna,Basso
Shawn,Bassolino
Shawn,Bassuk
Shawna,Bast
Shawnda,Basta
Shawnee,Bastain
Shawnna,Bastarache
Shawnta,Bastardi
Shay,Bastedo
Shayla,Basten
Shayna,Baster
Shayne,Bastian
Shayne,Bastianelli
Shea,Bastic
Sheba,Bastick
Sheena,Bastida
Sheila,Bastidas
Sheilah,Bastidos
Shela,Bastien
Shelba,Bastilla
Shelby,Bastille
Shelby,Bastin
Sheldon,Bastine
Shelia,Baston
Shella,Bastone
Shelley,Bastos
Shelli,Bastow
Shellie,Bastress
Shelly,Bastura
Shelton,Basu
Shemeka,Basua
Shemika,Basulto
Shena,Basurto
Shenika,Baswell
Shenita,Basye
Shenna,Batala
Shera,Batalla
Sheree,Batalona
Sherell,Batara
Sheri,Batarse
Sherice,Batas
Sheridan,Batch
Sherie,Batchelder
Sherika,Batcheller
Sherill,Batchellor
Sherilyn,Batchelor
Sherise,Batcher
Sherita,Batdorf
Sherlene,Bate
Sherley,Batel
Sherly,Bateman
Sherlyn,Bater
Sherman,Baters
Sheron,Bates
Sherrell,Batesole
Sherri,Bateson
Sherrie,Batey
Sherril,Bath
Sherrill,Bathe
Sherron,Bathke
Sherry,Bathrick
Sherryl,Bathurst
Sherwood,Batie
Shery,Batimon
Sheryl,Batis
Sheryll,Batista
Shiela,Batiste
Shila,Batistich
Shiloh,Batiz
Shin,Batkin
Shira,Batko
Shirely,Batley
Shirl,Batliner
Shirlee,Batlis
Shirleen,Batlle
Shirlene,Batman
Shirley,Baton
Shirley,Bator
Shirly,Batra
Shizue,Batres
Shizuko,Batrez
Shon,Batrich
Shona,Batrum
Shonda,Batson
Shondra,Batt
Shonna,Batta
Shonta,Battaglia
Shoshana,Battaglini
Shu,Battaglino
Shyla,Battani
Sibyl,Batte
Sid,Battee
Sidney,Batteen
Sidney,Batteiger
Sierra,Batten
Signe,Battenfield
Sigrid,Battenhouse
Silas,Batter
Silva,Batterman
Silvana,Batters
Silvia,Battersby
Sima,Battershell
Simon,Batterson
Simona,Batterton
Simone,Battey
Simonne,Battiata
Sina,Battiato
Sindy,Battie
Siobhan,Battiest
Sirena,Battig
Siu,Battin
Sixta,Battino
Skye,Battis
Slyvia,Battista
So,Battiste
Socorro,Battisti
Sofia,Battistini
Soila,Battisto
Sol,Battistone
Sol,Battistoni
Solange,Battko
Soledad,Battle
Solomon,Battles
Somer,Batto
Sommer,Batton
Son,Batts
Son,Battson
Sona,Battuello
Sondra,Batty
Song,Batun
Sonia,Baty
Sonja,Batz
Sonny,Batzer
Sonya,Batzli
Soo,Batzri
Sook,Bau
Soon,Baublitz
Sophia,Bauce
Sophie,Bauch
Soraya,Baucher
Sparkle,Bauchspies
Spencer,Baucom
Spring,Baucum
Stacee,Bauder
Stacey,Baudino
Stacey,Baudler
Staci,Baudoin
Stacia,Baudry
Stacie,Bauer
Stacy,Bauerkemper
Stacy,Bauerle
Stan,Bauerlein
Stanford,Bauermeister
Stanley,Bauernfeind
Stanton,Bauers
Star,Baugatz
Starla,Baugess
Starr,Baugh
Stasia,Baugham
Stefan,Baughan
Stefani,Baugher
Stefania,Baughey
Stefanie,Baughman
Stefany,Baughn
Steffanie,Bauguess
Stella,Baugus
Stepanie,Bauknecht
Stephaine,Bauknight
Stephan,Baul
Stephane,Baulch
Stephani,Bault
Stephania,Baum
Stephanie,Bauman
Stephany,Baumann
Stephen,Baumbach
Stephen,Baumberger
Stephenie,Baumbusch
Stephine,Baumeister
Stephnie,Baumer
Sterling,Baumert
Steve,Baumfalk
Steven,Baumgard
Steven,Baumgardner
Stevie,Baumgardt
Stevie,Baumgarn
Stewart,Baumgarner
Stormy,Baumgart
Stuart,Baumgartel
Su,Baumgarten
Suanne,Baumgarter
Sudie,Baumgartner
Sue,Baumhoer
Sueann,Baumiester
Suellen,Baumkirchner
Suk,Baumler
Sulema,Baumli
Sumiko,Baumohl
Summer,Baun
Sun,Baune
Sunday,Baunleuang
Sung,Baur
Sung,Baurer
Sunni,Baures
Sunny,Baus
Sunshine,Bausch
Susan,Bauserman
Susana,Bauske
Susann,Bausley
Susanna,Bausman
Susannah,Bauswell
Susanne,Bautch
Susie,Baute
Susy,Bautista
Suzan,Bautiste
Suzann,Bautz
Suzanna,Bauza
Suzanne,Bava
Suzette,Bavard
Suzi,Bavaro
Suzie,Bavelas
Suzy,Baver
Svetlana,Baves
Sybil,Bavier
Syble,Bavzee
Sydney,Bawa
Sydney,Bawany
Sylvester,Bawcombe
Sylvia,Bawcum
Sylvie,Bawden
Synthia,Bawek
Syreeta,Bawer
Ta,Bawks
Tabatha,Bawner
Tabetha,Bax
Tabitha,Baxa
Tad,Baxendale
Tai,Baxi
Taina,Baxley
Taisha,Baxter
Tajuana,Baxtor
Takako,Bay
Takisha,Bayala
Talia,Bayani
Talisha,Bayard
Talitha,Bayardo
Tam,Bayas
Tama,Baydal
Tamala,Bayer
Tamar,Bayerl
Tamara,Bayers
Tamatha,Bayes
Tambra,Bayete
Tameika,Baygents
Tameka,Bayhonan
Tamekia,Bayird
Tamela,Bayle
Tamera,Bayles
Tamesha,Bayless
Tami,Bayley
Tamica,Bayliff
Tamie,Baylis
Tamika,Bayliss
Tamiko,Baylock
Tamisha,Baylon
Tammara,Baylor
Tammera,Bayly
Tammi,Bayman
Tammie,Baymon
Tammy,Bayn
Tamra,Baynard
Tana,Bayne
Tandra,Baynes
Tandy,Baynham
Taneka,Bayon
Tanesha,Bayona
Tangela,Bayot
Tania,Bayouth
Tanika,Bays
Tanisha,Baysden
Tanja,Baysinger
Tanna,Baysmore
Tanner,Bayt
Tanya,Bayton
Tara,Baytos
Tarah,Bayuk
Taren,Bayus
Tari,Baza
Tarra,Bazaldua
Tarsha,Bazan
Taryn,Bazar
Tasha,Bazarte
Tashia,Bazata
Tashina,Baze
Tasia,Bazel
Tatiana,Bazelais
Tatum,Bazemore
Tatyana,Bazer
Taunya,Bazil
Tawana,Bazile
Tawanda,Bazin
Tawanna,Bazinet
Tawna,Bazner
Tawny,Bazydlo
Tawnya,Bazylewicz
Taylor,Bazzanella
Taylor,Bazzano
Tayna,Bazzel
Ted,Bazzell
Teddy,Bazzi
Teena,Bazzle
Tegan,Be
Teisha,Bea
Telma,Beaber
Temeka,Beabout
Temika,Beach
Tempie,Beacham
Temple,Beachamp
Tena,Beachel
Tenesha,Beachell
Tenisha,Beachem
Tennie,Beacher
Tennille,Beachler
Teodora,Beachman
Teodoro,Beachum
Teofila,Beachy
Tequila,Beacom
Tera,Beadell
Tereasa,Beadle
Terence,Beadles
Teresa,Beadling
Terese,Beadnell
Teresia,Beady
Teresita,Beagan
Teressa,Beagle
Teri,Beagley
Terica,Beahan
Terina,Beahm
Terisa,Beahn
Terra,Beaird
Terrance,Beakley
Terrell,Beal
Terrell,Beale
Terrence,Bealer
Terresa,Beales
Terri,Beall
Terrie,Bealle
Terrilyn,Bealmear
Terry,Beals
Terry,Beam
Tesha,Beaman
Tess,Beamer
Tessa,Beames
Tessie,Beamesderfer
Thad,Beamish
Thaddeus,Beamon
Thalia,Beams
Thanh,Bean
Thanh,Beanblossom
Thao,Beandoin
Thea,Beane
Theda,Beaner
Thelma,Beans
Theo,Bear
Theo,Bearce
Theodora,Beard
Theodore,Beardall
Theola,Bearded
Theresa,Bearden
Therese,Beardmore
Theresia,Beardon
Theressa,Beards
Theron,Beardslee
Thersa,Beardsley
Thi,Beare
Thomas,Bearfield
Thomas,Bearman
Thomasena,Bears
Thomasina,Bearse
Thomasine,Bearup
Thora,Beary
Thresa,Beas
Thu,Beasley
Thurman,Beasly
Thuy,Beasmore
Tia,Beason
Tiana,Beaston
Tianna,Beat
Tiara,Beath
Tien,Beathe
Tiera,Beatie
Tierra,Beatley
Tiesha,Beato
Tifany,Beaton
Tiffaney,Beatrice
Tiffani,Beatson
Tiffanie,Beattie
Tiffany,Beattle
Tiffiny,Beatty
Tijuana,Beaty
Tilda,Beau
Tillie,Beaubien
Tim,Beaubrun
Timika,Beaucage
Timmy,Beauchaine
Timothy,Beauchamp
Timothy,Beauchemin
Tina,Beauchesne
Tinisha,Beaudet
Tiny,Beaudette
Tisa,Beaudin
Tish,Beaudine
Tisha,Beaudion
Titus,Beaudoin
Tobi,Beaudreau
Tobias,Beaudreault
Tobie,Beaudrie
Toby,Beaudry
Toby,Beaufait
Toccara,Beauford
Tod,Beaufort
Todd,Beaugard
Toi,Beauharnois
Tom,Beaulac
Tomas,Beaule
Tomasa,Beaulieu
Tomeka,Beauliev
Tomi,Beauman
Tomika,Beaumier
Tomiko,Beaumont
Tommie,Beaumonte
Tommie,Beauparlant
Tommy,Beaupre
Tommy,Beauprez
Tommye,Beauregard
Tomoko,Beaureguard
Tona,Beaushaw
Tonda,Beausoleil
Tonette,Beauvais
Toney,Beaven
Toni,Beaver
Tonia,Beavers
Tonie,Beavin
Tonisha,Beavis
Tonita,Beaz
Tonja,Beazer
Tony,Beazley
Tony,Bebber
Tonya,Bebeau
Tora,Bebee
Tori,Beberwyk
Torie,Bebo
Torri,Bebout
Torrie,Beccaria
Tory,Beccue
Tory,Becena
Tosha,Becenti
Toshia,Becera
Toshiko,Becerra
Tova,Becerril
Towanda,Bech
Toya,Bechard
Tracee,Bechel
Tracey,Becher
Tracey,Becherer
Traci,Bechler
Tracie,Bechman
Tracy,Becht
Tracy,Bechtel
Tran,Bechthold
Trang,Bechtol
Travis,Bechtold
Travis,Beck
Treasa,Becka
Treena,Becke
Trena,Beckel
Trent,Beckelheimer
Trenton,Beckelhimer
Tresa,Beckem
Tressa,Beckenbach
Tressie,Beckendorf
Treva,Becker
Trevor,Beckerdite
Trey,Beckerle
Tricia,Beckerman
Trina,Beckers
Trinh,Beckert
Trinidad,Beckes
Trinidad,Becket
Trinity,Beckett
Trish,Beckey
Trisha,Beckfield
Trista,Beckford
Tristan,Beckham
Tristan,Beckim
Troy,Beckius
Troy,Beckler
Trudi,Beckles
Trudie,Beckley
Trudy,Becklin
Trula,Becklund
Truman,Beckman
Tu,Beckmann
Tuan,Beckmeyer
Tula,Becknell
Tuyet,Beckner
Twana,Beckom
Twanda,Beckor
Twanna,Becks
Twila,Beckstead
Twyla,Beckstrand
Ty,Beckstrom
Tyesha,Beckton
Tyisha,Beckum
Tyler,Beckwith
Tyler,Beckworth
Tynisha,Becky
Tyra,Becnel
Tyree,Becraft
Tyrell,Becton
Tyron,Becvar
Tyrone,Becwar
Tyson,Becze
Ula,Bedar
Ulrike,Bedard
Ulysses,Bedatsky
Un,Bedaw
Una,Beddard
Ursula,Beddia
Usha,Beddingfield
Ute,Beddo
Vada,Beddoe
Val,Beddome
Val,Beddow
Valarie,Beddows
Valda,Bede
Valencia,Bedeau
Valene,Bedee
Valentin,Bedeker
Valentina,Bedell
Valentine,Bedenbaugh
Valentine,Bedenfield
Valeri,Beder
Valeria,Bedford
Valerie,Bedgood
Valery,Bedient
Vallie,Bedillion
Valorie,Bedingfield
Valrie,Bedker
Van,Bedlion
Van,Bednar
Vance,Bednarczyk
Vanda,Bednarek
Vanesa,Bednarik
Vanessa,Bednarowicz
Vanetta,Bednarski
Vania,Bednarz
Vanita,Bedner
Vanna,Bedney
Vannesa,Bednorz
Vannessa,Bedocs
Vashti,Bedoka
Vasiliki,Bedolla
Vaughn,Bedonie
Veda,Bedor
Velda,Bedore
Velia,Bedoya
Vella,Bedre
Velma,Bedrosian
Velva,Bedsaul
Velvet,Bedsole
Vena,Bedson
Venessa,Bedward
Venetta,Bedwell
Venice,Bee
Venita,Beebe
Vennie,Beebee
Venus,Beebout
Veola,Beech
Vera,Beecham
Verda,Beecher
Verdell,Beeching
Verdie,Beechler
Verena,Beechner
Vergie,Beechum
Verla,Beeck
Verlene,Beecken
Verlie,Beeckman
Verline,Beecroft
Vern,Beed
Verna,Beede
Vernell,Beedham
Vernetta,Beedle
Vernia,Beedles
Vernice,Beedoo
Vernie,Beedy
Vernita,Beeghly
Vernon,Beegle
Vernon,Beehler
Verona,Beek
Veronica,Beeker
Veronika,Beekman
Veronique,Beeks
Versie,Beel
Vertie,Beelar
Vesta,Beelby
Veta,Beeler
Vi,Beem
Vicenta,Beeman
Vicente,Beemer
Vickey,Beemon
Vicki,Been
Vickie,Beene
Vicky,Beenel
Victor,Beer
Victor,Beerbohm
Victoria,Beere
Victorina,Beerer
Vida,Beerle
Viki,Beerling
Vikki,Beerly
Vilma,Beerman
Vina,Beermann
Vince,Beermudez
Vincent,Beers
Vincenza,Beery
Vincenzo,Bees
Vinita,Beese
Vinnie,Beesley
Viola,Beesmer
Violet,Beeson
Violeta,Beetley
Violette,Beets
Virgen,Beetz
Virgie,Beevers
Virgil,Beezley
Virgil,Befort
Virgilio,Befus
Virgina,Bega
Virginia,Began
Vita,Begay
Vito,Begaye
Viva,Begeal
Vivan,Begeman
Vivian,Begen
Viviana,Beger
Vivien,Begg
Vivienne,Beggs
Von,Beghtol
Voncile,Begin
Vonda,Begley
Vonnie,Begnaud
Wade,Begnoche
Wai,Begolli
Waldo,Begonia
Walker,Begor
Wallace,Beguelin
Wally,Beguhl
Walter,Begum
Walter,Begun
Walton,Behal
Waltraud,Behan
Wan,Behanan
Wanda,Behanna
Waneta,Behar
Wanetta,Behel
Wanita,Behen
Ward,Beherns
Warner,Behimer
Warren,Behizadeh
Wava,Behl
Waylon,Behlen
Wayne,Behler
Wei,Behling
Weldon,Behlke
Wen,Behlmer
Wendell,Behm
Wendi,Behme
Wendie,Behmer
Wendolyn,Behn
Wendy,Behne
Wenona,Behner
Werner,Behney
Wes,Behning
Wesley,Behnke
Wesley,Behnken
Weston,Behr
Whitley,Behran
Whitney,Behrend
Whitney,Behrends
Wilber,Behrendt
Wilbert,Behrens
Wilbur,Behrenwald
Wilburn,Behring
Wilda,Behringer
Wiley,Behrle
Wilford,Behrman
Wilfred,Behrmann
Wilfredo,Behrns
Wilhelmina,Behun
Wilhemina,Behunin
Will,Behymer
Willa,Beichner
Willard,Beidleman
Willena,Beidler
Willene,Beien
Willetta,Beier
Willette,Beierle
Willia,Beierschmitt
William,Beigert
William,Beighley
Williams,Beightol
Willian,Beik
Willie,Beil
Willie,Beile
Williemae,Beiler
Willis,Beiley
Willodean,Beilfuss
Willow,Beilinson
Willy,Beilke
Wilma,Beilman
Wilmer,Beilstein
Wilson,Bein
Wilton,Beine
Windy,Beinlich
Winford,Beiriger
Winfred,Beirise
Winifred,Beirne
Winnie,Beisch
Winnifred,Beisel
Winona,Beiser
Winston,Beish
Winter,Beisner
Wm,Beissel
Wonda,Beisser
Woodrow,Beiswanger
Wyatt,Beiswenger
Wynell,Beitel
Wynona,Beiter
Xavier,Beith
Xenia,Beitler
Xiao,Beitz
Xiomara,Beitzel
Xochitl,Beja
Xuan,Bejar
Yadira,Bejaran
Yaeko,Bejarano
Yael,Bejcek
Yahaira,Bejerano
Yajaira,Bejger
Yan,Bejil
Yang,Bejjani
Yanira,Bek
Yasmin,Bekele
Yasmine,Beker
Yasuko,Bekerman
Yee,Bekhit
Yelena,Bekins
Yen,Bekis
Yer,Bekius
Yesenia,Bekker
Yessenia,Bel
Yetta,Bela
Yevette,Belair
Yi,Belak
Ying,Belancer
Yoko,Beland
Yolanda,Belanger
Yolande,Belangia
Yolando,Belanich
Yolonda,Belarde
Yon,Belardo
Yong,Belarmino
Yong,Belasco
Yoshie,Belay
Yoshiko,Belback
Youlanda,Belcastro
Young,Belch
Young,Belcher
Yu,Belchior
Yuette,Belcourt
Yuk,Belden
Yuki,Beldin
Yukiko,Belding
Yuko,Beldon
Yulanda,Belen
Yun,Belew
Yung,Beley
Yuonne,Belezos
Yuri,Belfanti
Yuriko,Belfast
Yvette,Belfi
Yvone,Belfield
Yvonne,Belfiglio
Zachariah,Belfiore
Zachary,Belflower
Zachery,Belford
Zack,Belfort
Zackary,Belfy
Zada,Belgard
Zaida,Belgarde
Zana,Belgrade
Zandra,Belgrave
Zane,Belhumeur
Zelda,Beliard
Zella,Belich
Zelma,Belidor
Zena,Belieu
Zenaida,Belile
Zenia,Beliles
Zenobia,Belin
Zetta,Belina
Zina,Belinski
Zita,Belinsky
Zoe,Belisle
Zofia,Belitz
Zoila,Beliveau
Zola,Beliz
Zona,Belizaire
Zonia,Beljan
Zora,Belk
Zoraida,Belka
Zula,Belke
Zulema,Belken
Zulma,Belkin
