Jacki,Archilla
Jackie,Archiopoli
Jackie,Archuleta
Jacklyn,Archuletta
Jackqueline,Archut
Jackson,Arcia
Jaclyn,Arciba
Jacob,Arcieri
Jacqualine,Arciga
Jacque,Arcila
Jacquelin,Arcilla
Jacqueline,Arciniega
Jacquelyn,Arcino
Jacquelyne,Arciola
Jacquelynn,Arcizo
Jacques,Arcoraci
Jacquetta,Arcos
Jacqui,Arcudi
Jacquie,Arcuo
Jacquiline,Arcuri
Jacquline,Ard
Jacqulyn,Ardaly
Jada,Ardan
Jade,Ardd
Jadwiga,Ardelean
Jae,Arden
Jae,Ardeneaux
Jaime,Ardery
Jaime,Ardinger
Jaimee,Ardion
Jaimie,Ardis
Jake,Ardito
Jaleesa,Ardizone
Jalisa,Ardizzone
Jama,Ardman
Jamaal,Ardner
Jamal,Ardoin
Jamar,Ardolino
Jame,Ardon
Jame,Ardrey
Jamee,Ardry
Jamel,Ards
James,Arduini
James,Area
Jamey,Areas
Jamey,Arebalo
Jami,Arebela
Jamie,Arechiga
Jamie,Aredondo
Jamika,Arehano
Jamila,Arehart
Jamison,Areias
Jammie,Areizaga
Jan,Arel
Jan,Arellanes
Jana,Arellano
Janae,Arelleano
Janay,Arena
Jane,Arenales
Janean,Arenas
Janee,Arenburg
Janeen,Arend
Janel,Arendale
Janell,Arendall
Janella,Arendash
Janelle,Arender
Janene,Arends
Janessa,Arendsee
Janet,Arendt
Janeth,Arendz
Janett,Arenivar
Janetta,Arenivas
Janette,Arenos
Janey,Arens
Jani,Arenson
Janice,Arenstam
Janie,Arent
Janiece,Arentz
Janina,Arenz
Janine,Areola
Janis,Ares
Janise,Aresco
Janita,Arevalo
Jann,Arevalos
Janna,Arey
Jannet,Arflack
Jannette,Arfman
Jannie,Argabright
January,Argall
Janyce,Arganbright
Jaqueline,Argandona
Jaquelyn,Argenal
Jared,Argenbright
Jarod,Argenti
Jarred,Argentieri
Jarrett,Argento
Jarrod,Argenziano
Jarvis,Argetsinger
Jasmin,Argie
Jasmine,Argiro
Jason,Argo
Jason,Argote
Jasper,Argrave
Jaunita,Argro
Javier,Argrow
Jay,Argubright
Jay,Argudin
Jaye,Argudo
Jayme,Argue
Jaymie,Arguelles
Jayna,Arguellez
Jayne,Arguello
Jayson,Argueta
Jazmin,Arguijo
Jazmine,Arguilez
Jc,Arguillo
Jean,Arguin
Jean,Argulewicz
Jeana,Argumedo
Jeane,Argust
Jeanelle,Argyle
Jeanene,Arhart
Jeanett,Arhelger
Jeanetta,Ariail
Jeanette,Ariano
Jeanice,Arias
Jeanie,Ariaza
Jeanine,Aricas
Jeanmarie,Arichabala
Jeanna,Arico
Jeanne,Aridas
Jeannetta,Arie
Jeannette,Ariel
Jeannie,Aries
Jeannine,Arietta
Jed,Arif
Jeff,Arigo
Jefferey,Arildsen
Jefferson,Arimas
Jeffery,Arimoto
Jeffie,Aring
Jeffrey,Arington
Jeffrey,Ariola
Jeffry,Aris
Jen,Arisa
Jena,Arismendez
Jenae,Arispe
Jene,Arista
Jenee,Aristide
Jenell,Aristizabal
Jenelle,Arisumi
Jenette,Arita
Jeneva,Ariyoshi
Jeni,Ariza
Jenice,Arizaga
Jenifer,Arizmendi
Jeniffer,Arizola
Jenine,Arizzi
Jenise,Arjes
Jenna,Arjona
Jennefer,Arjune
Jennell,Arkadie
Jennette,Arkell
Jenni,Arkema
Jennie,Arkenberg
Jennifer,Arkin
Jenniffer,Arking
Jennine,Arkins
Jenny,Arko
Jerald,Arkontaky
Jeraldine,Arlan
Jeramy,Arledge
Jere,Arlen
Jeremiah,Arleth
Jeremy,Arlia
Jeremy,Arline
Jeri,Arlinghaus
Jerica,Arlington
Jerilyn,Arlotta
Jerlene,Arlt
Jermaine,Arm
Jerold,Armacost
Jerome,Armada
Jeromy,Armagost
Jerrell,Arman
Jerri,Armand
Jerrica,Armando
Jerrie,Armant
Jerrod,Armantrout
Jerrold,Armas
Jerry,Armato
Jerry,Armbrester
Jesenia,Armbrister
Jesica,Armbrust
Jess,Armbruster
Jesse,Armel
Jesse,Armeli
Jessenia,Armelin
Jessi,Armen
Jessia,Armendarez
Jessica,Armendariz
Jessie,Armengol
Jessie,Arment
Jessika,Armenta
Jestine,Armenteros
Jesus,Armento
Jesus,Armentor
Jesusa,Armentrout
Jesusita,Armer
Jetta,Armes
Jettie,Armesto
Jewel,Armfield
Jewel,Armiger
Jewell,Armijo
Jewell,Armijos
Ji,Armillei
Jill,Armintrout
Jillian,Armiso
Jim,Armistead
Jimmie,Armitage
Jimmie,Armlin
Jimmy,Armocida
Jimmy,Armold
Jin,Armon
Jina,Armond
Jinny,Armor
Jo,Armour
Joan,Armout
Joan,Arms
Joana,Armson
Joane,Armstead
Joanie,Armster
Joann,Armstong
Joanna,Armstrong
Joanne,Armwood
Joannie,Army
Joaquin,Arn
Joaquina,Arnaldo
Jocelyn,Arnall
Jodee,Arnao
Jodi,Arnau
Jodie,Arnaud
Jody,Arnaudet
Jody,Arndell
Joe,Arndorfer
Joe,Arndt
Joeann,Arne
Joel,Arneberg
Joel,Arneecher
Joella,Arnell
Joelle,Arner
Joellen,Arnerich
Joesph,Arnesen
Joetta,Arneson
Joette,Arnet
Joey,Arnett
Joey,Arnette
Johana,Arney
Johanna,Arnhart
Johanne,Arnhold
John,Arnholt
John,Arnholtz
Johna,Arning
Johnathan,Arnio
Johnathon,Arniotes
Johnetta,Arnitz
Johnette,Arnn
Johnie,Arno
Johnie,Arnold
Johnna,Arnoldi
Johnnie,Arnoldy
Johnnie,Arnone
Johnny,Arnot
Johnny,Arnott
Johnsie,Arnoux
Johnson,Arnow
Joi,Arns
Joie,Arnsberger
Jolanda,Arnspiger
Joleen,Arnst
