Rachel,Barefield
Rachele,Barefoot
Rachell,Bareford
Rachelle,Bareilles
Racquel,Bareis
Rae,Barela
Raeann,Barella
Raelene,Baremore
Rafael,Barends
Rafaela,Barentine
Raguel,Barer
Raina,Barera
Raisa,Bares
Raleigh,Baresi
Ralph,Barett
Ramiro,Barette
Ramon,Barff
Ramona,Barfield
Ramonita,Barfknecht
Rana,Barfoot
Ranae,Barfuss
Randa,Barg
Randal,Barga
Randall,Barganier
Randee,Bargar
Randell,Bargas
Randi,Barge
Randolph,Bargen
Randy,Barger
Randy,Bargeron
Ranee,Bargerstock
Raphael,Barges
Raquel,Barginear
Rashad,Bargmann
Rasheeda,Bargo
Rashida,Bargstadt
Raul,Barham
Raven,Barhorst
Ray,Barhydt
Ray,Bari
Raye,Baria
Rayford,Barias
Raylene,Baribeau
Raymon,Barich
Raymond,Barick
Raymond,Barickman
Raymonde,Baridon
Raymundo,Barie
Rayna,Barientos
Rea,Baril
Reagan,Barile
Reanna,Barill
Reatha,Barillari
Reba,Barillaro
Rebbeca,Barillas
Rebbecca,Barillo
Rebeca,Barimah
Rebecca,Baringer
Rebecka,Barino
Rebekah,Bario
Reda,Barios
Reed,Baris
Reena,Barish
Refugia,Barjas
Refugio,Barjenbruch
Refugio,Bark
Regan,Barkalow
Regena,Barkan
Regenia,Barkdoll
Reggie,Barkdull
Regina,Barke
Reginald,Barkema
Regine,Barken
Reginia,Barkenhagen
Reid,Barker
Reiko,Barkes
Reina,Barket
Reinaldo,Barkett
Reita,Barkhimer
Rema,Barkhurst
Remedios,Barkie
Remona,Barkins
Rena,Barkle
Renae,Barkley
Renaldo,Barklow
Renata,Barkman
Renate,Barko
Renato,Barks
Renay,Barksdale
Renda,Barkus
Rene,Barlage
Rene,Barlak
Renea,Barlau
Renee,Barlett
Renetta,Barletta
Renita,Barlette
Renna,Barley
Ressie,Barlip
Reta,Barlock
Retha,Barlow
Retta,Barlowe
Reuben,Barlup
Reva,Barman
Rex,Barmer
Rey,Barmes
Reyes,Barmettler
Reyna,Barmore
Reynalda,Barn
Reynaldo,Barna
Rhea,Barnaba
Rheba,Barnaby
Rhett,Barnacle
Rhiannon,Barnak
Rhoda,Barnar
Rhona,Barnard
Rhonda,Barnas
Ria,Barnathan
Ricarda,Barncastle
Ricardo,Barndt
Rich,Barne
Richard,Barnebey
Richard,Barnell
Richelle,Barner
Richie,Barners
Rick,Barnes
Rickey,Barness
Ricki,Barnet
Rickie,Barnett
Rickie,Barnette
Ricky,Barney
Rico,Barnfield
Rigoberto,Barnhardt
Rikki,Barnhart
Riley,Barnhill
Rima,Barnhouse
Rina,Barnhurst
Risa,Barnick
Rita,Barnicle
Riva,Barninger
Rivka,Barno
Rob,Barnoski
Robbi,Barns
Robbie,Barnscater
Robbie,Barnt
Robbin,Barnthouse
Robby,Barnum
Robbyn,Barnwell
Robena,Baro
Robert,Barocio
Robert,Baroldy
Roberta,Baron
Roberto,Barona
Roberto,Barone
Robin,Baroni
Robin,Baronne
Robt,Baroody
Robyn,Baros
Rocco,Barquera
Rochel,Barr
Rochell,Barra
Rochelle,Barrack
Rocio,Barraclough
Rocky,Barraco
Rod,Barragan
Roderick,Barrale
Rodger,Barran
Rodney,Barranca
Rodolfo,Barranco
Rodrick,Barranger
Rodrigo,Barras
Rogelio,Barrasa
Roger,Barratt
Roland,Barraz
Rolanda,Barraza
Rolande,Barre
Rolando,Barreca
Rolf,Barreda
Rolland,Barredo
Roma,Barree
Romaine,Barreira
Roman,Barreiro
Romana,Barrell
Romelia,Barren
Romeo,Barrena
Romona,Barreneche
Ron,Barrentine
Rona,Barrer
Ronald,Barrera
Ronald,Barreras
Ronda,Barrero
Roni,Barresi
Ronna,Barret
Ronni,Barrete
Ronnie,Barreto
Ronnie,Barrett
Ronny,Barretta
Roosevelt,Barrette
Rory,Barretto
Rory,Barria
Rosa,Barriault
Rosalba,Barribeau
Rosalee,Barricelli
Rosalia,Barrick
Rosalie,Barrickman
Rosalina,Barrie
Rosalind,Barrieau
Rosalinda,Barrientes
Rosaline,Barrientez
Rosalva,Barrientos
Rosalyn,Barrier
Rosamaria,Barriere
Rosamond,Barries
Rosana,Barriga
Rosann,Barrigan
Rosanna,Barriger
Rosanne,Barrile
Rosaria,Barrilleaux
Rosario,Barrineau
Rosario,Barriner
Rosaura,Barringer
Roscoe,Barrington
Rose,Barrio
Roseann,Barrios
Roseanna,Barris
Roseanne,Barrish
Roselee,Barritt
Roselia,Barro
Roseline,Barrocas
Rosella,Barrois
Roselle,Barrom
Roselyn,Barron
Rosemarie,Barros
Rosemary,Barroso
Rosena,Barrott
Rosenda,Barrow
Rosendo,Barrowman
Rosetta,Barrows
Rosette,Barrs
Rosia,Barrus
Rosie,Barry
Rosina,Barryman
Rosio,Bars
Rosita,Barsalou
Roslyn,Barsamian
Ross,Barsanti
Rossana,Barscewski
Rossie,Barsch
Rosy,Barschdoor
Rowena,Barsegyan
Roxana,Barsh
Roxane,Barshaw
Roxann,Barski
Roxanna,Barsky
Roxanne,Barsness
Roxie,Barson
Roxy,Barsotti
Roy,Barsoum
Roy,Barstad
Royal,Barstow
Royce,Barsuhn
Royce,Barswell
Rozanne,Bart
Rozella,Barta
Ruben,Bartamian
Rubi,Bartash
Rubie,Bartberger
Rubin,Bartch
Ruby,Bartczak
Rubye,Barte
Rudolf,Bartee
Rudolph,Bartek
Rudy,Bartel
Rudy,Bartell
Rueben,Bartels
Rufina,Bartelson
Rufus,Bartelt
Rupert,Bartenfield
Russ,Barter
Russel,Barters
Russell,Bartgis
