Neoma,Balyeat
Neomi,Balza
Nereida,Balzano
Nerissa,Balzarine
Nery,Balzarini
Nestor,Balzer
Neta,Balzotti
Nettie,Bamba
Neva,Bambace
Nevada,Bambach
Neville,Bambaci
Newton,Bambacigno
Nga,Bambas
Ngan,Bambeck
Ngoc,Bambenek
Nguyet,Bamber
Nia,Bamberg
Nichelle,Bamberger
Nichol,Bambhrolia
Nicholas,Bambino
Nichole,Bambrick
Nicholle,Bamburg
Nick,Bame
Nicki,Bamfield
Nickie,Bamford
Nickolas,Bamforth
Nickole,Bammon
Nicky,Ban
Nicky,Banaag
Nicol,Banach
Nicola,Banahan
Nicolas,Banales
Nicolasa,Banana
Nicole,Banas
Nicolette,Banasiak
Nicolle,Banaszak
Nida,Banaszek
Nidia,Banbury
Niesha,Bance
Nieves,Banchero
Nigel,Bancks
Niki,Banco
Nikia,Bancourt
Nikita,Bancroft
Nikki,Band
Nikole,Banda
Nila,Bandanza
Nilda,Bandarra
Nilsa,Bandasak
Nina,Bandel
Ninfa,Bandemer
Nisha,Banderas
Nita,Bandin
Noah,Bandle
Noble,Bandley
Nobuko,Bandt
Noe,Banducci
Noel,Bandulin
Noel,Bandura
Noelia,Bandy
Noella,Bandyk
Noelle,Bane
Noemi,Banecker
Nohemi,Banegas
Nola,Banek
Nolan,Banerjee
Noma,Banerji
Nona,Banes
Nora,Banet
Norah,Baney
Norbert,Banez
Norberto,Banfield
Noreen,Banfill
Norene,Bang
Noriko,Bangert
Norine,Banghart
Norma,Bangle
Norman,Bangs
Norman,Bangura
Normand,Banh
Norris,Bania
Nova,Baniaga
Novella,Banick
Nu,Banik
Nubia,Banis
Numbers,Banister
Numbers,Bank
Nydia,Bankard
Nyla,Banke
Obdulia,Bankemper
Ocie,Banker
Octavia,Bankert
Octavio,Bankes
Oda,Bankey
Odelia,Bankhead
Odell,Banko
Odell,Bankos
Odessa,Bankowski
Odette,Banks
Odilia,Bankson
Odis,Bankston
Ofelia,Bann
Ok,Bannan
Ola,Banner
Olen,Bannerman
Olene,Bannett
Oleta,Banning
Olevia,Bannister
Olga,Bannon
Olimpia,Bannowsky
Olin,Banome
Olinda,Banos
Oliva,Banowetz
Olive,Banowski
Oliver,Bansal
Olivia,Bansbach
Ollie,Banse
Ollie,Bansmer
Olympia,Banta
Oma,Bantay
Omar,Banter
Omega,Banther
Omer,Bantillan
Ona,Bantin
Oneida,Banton
Onie,Bantug
Onita,Bantz
Opal,Banuelos
Ophelia,Banvelos
Ora,Banville
Oralee,Banwarth
Oralia,Banwell
Oren,Banyas
Oretha,Banzhaf
Orlando,Baoloy
Orpha,Bapties
Orval,Baptise
Orville,Baptist
Oscar,Baptista
Oscar,Baptiste
Ossie,Baque
Osvaldo,Baquero
Oswaldo,Baquet
Otelia,Baquiran
Otha,Bar
Otha,Bara
Otilia,Baraban
Otis,Barabas
Otto,Barabin
Ouida,Baraby
Owen,Baracani
Ozell,Barach
Ozella,Barad
Ozie,Baradi
Pa,Baragan
Pablo,Baragar
Page,Barager
Paige,Baragona
Palma,Barahana
Palmer,Barahona
Palmira,Barajas
Pam,Barajos
Pamala,Barak
Pamela,Barakat
Pamelia,Baral
Pamella,Baran
Pamila,Baranga
Pamula,Baranick
Pandora,Baranoski
Pansy,Baranovic
Paola,Baranow
Paris,Baranowski
Paris,Baranski
Parker,Baransky
Parthenia,Baras
Particia,Barasch
Pasquale,Barash
Pasty,Baratta
Pat,Baratto
Pat,Baraw
Patience,Baray
Patria,Barayuga
Patrica,Barb
Patrice,Barba
Patricia,Barbadillo
Patricia,Barbagallo
Patrick,Barbagelata
Patrick,Barbaglia
Patrina,Barbalich
Patsy,Barban
Patti,Barbano
Pattie,Barbar
Patty,Barbara
Paul,Barbare
Paul,Barbaria
Paula,Barbarin
Paulene,Barbarino
Pauletta,Barbarito
Paulette,Barbaro
Paulina,Barbati
Pauline,Barbato
Paulita,Barbaza
Paz,Barbe
Pearl,Barbeau
Pearle,Barbee
Pearlene,Barbella
Pearlie,Barben
Pearline,Barber
Pearly,Barbera
Pedro,Barberi
Peg,Barberian
Peggie,Barberio
Peggy,Barberis
Pei,Barbero
Penelope,Barberr
Penney,Barbetta
Penni,Barbian
Pennie,Barbie
Penny,Barbier
Percy,Barbiere
Perla,Barbieri
Perry,Barbin
Perry,Barbini
Pete,Barbish
Peter,Barbo
Peter,Barbone
Petra,Barbor
Petrina,Barbosa
Petronila,Barbot
Phebe,Barbour
Phil,Barboza
Philip,Barbre
Phillip,Barbrick
Phillis,Barbu
Philomena,Barbur
Phoebe,Barbuto
Phung,Barby
Phuong,Barca
Phylicia,Barcello
Phylis,Barcellos
Phyliss,Barcelo
Phyllis,Barcelona
Pia,Barcena
Piedad,Barcenas
Pierre,Barch
Pilar,Barchacky
Ping,Barchick
Pinkie,Barchus
Piper,Barcia
Pok,Barcik
Polly,Barck
Porfirio,Barclay
Porsche,Barcley
Porsha,Barcliff
Porter,Barclift
Portia,Barco
Precious,Barcomb
Preston,Barcroft
Pricilla,Barcus
Prince,Barczak
Princess,Bard
Priscila,Barda
Priscilla,Bardach
Providencia,Bardales
Prudence,Barde
Pura,Bardeen
Qiana,Bardell
Queen,Barden
Queenie,Bardes
Quentin,Bardill
Quiana,Bardin
Quincy,Bardis
Quinn,Bardney
Quinn,Bardo
Quintin,Bardon
Quinton,Bardoner
Quyen,Bardos
Rachael,Bardsley
Rachal,Bardwell
Racheal,Bare
