Russell,Barth
Rusty,Bartha
Ruth,Barthe
Rutha,Barthel
Ruthann,Barthelemy
Ruthanne,Barthell
Ruthe,Barthelman
Ruthie,Barthelmes
Ryan,Barthen
Ryan,Barthlow
Ryann,Barthol
Sabina,Barthold
Sabine,Bartholemew
Sabra,Bartholf
Sabrina,Bartholic
Sacha,Bartholomay
Sachiko,Bartholomeu
Sade,Bartholomew
Sadie,Bartholow
Sadye,Bartimus
Sage,Bartin
Sal,Bartkiewicz
Salena,Bartko
Salina,Bartkowiak
Salley,Bartkowski
Sallie,Bartkus
Sally,Bartl
Salome,Bartle
Salvador,Bartlebaugh
Salvatore,Bartles
Sam,Bartleson
Sam,Bartlet
Samantha,Bartlett
Samara,Bartlette
Samatha,Bartley
Samella,Bartling
Samira,Bartlome
Sammie,Bartlone
Sammie,Bartlow
Sammy,Bartman
Sammy,Bartmes
Samual,Bartmess
Samuel,Bartnett
Samuel,Bartnick
Sana,Bartnik
Sanda,Barto
Sandee,Bartol
Sandi,Bartoldus
Sandie,Bartolet
Sandra,Bartoletti
Sandy,Bartoli
Sandy,Bartolini
Sanford,Bartolo
Sang,Bartolome
Sang,Bartolomei
Sanjuana,Bartolomeo
Sanjuanita,Bartolomucci
Sanora,Bartolone
Santa,Bartolotta
Santana,Bartolotto
Santiago,Barton
Santina,Bartone
Santo,Bartos
Santos,Bartosch
Santos,Bartosh
Sara,Bartosiak
Sarah,Bartosiewicz
Sarai,Bartosik
Saran,Bartosz
Sari,Bartoszek
Sarina,Bartow
Sarita,Bartram
Sasha,Bartron
Saturnina,Bartrop
Sau,Bartrum
Saul,Barts
Saundra,Bartsch
Savanna,Bartucca
Savannah,Bartucci
Scarlet,Bartula
Scarlett,Bartunek
Scot,Bartus
Scott,Bartush
Scott,Bartuska
Scottie,Bartylla
Scottie,Bartz
Scotty,Baruch
Sean,Barufaldi
Sean,Baruffa
Season,Baruffi
Sebastian,Barus
Sebrina,Barut
See,Baruth
Seema,Barvick
Selena,Barvosa
Selene,Barwell
Selina,Barwick
Selma,Bary
Sena,Barz
Senaida,Barze
September,Barzey
Serafina,Basa
Serena,Basaldua
Sergio,Basanta
Serina,Basara
Serita,Basbas
Seth,Bascas
Setsuko,Bascetta
Seymour,Basch
Sha,Bascle
Shad,Basco
Shae,Bascom
Shaina,Bascomb
Shakia,Bascombe
Shakira,Basden
Shakita,Base
Shala,Basehore
Shalanda,Basel
Shalon,Baseler
Shalonda,Baseley
Shameka,Baselice
Shamika,Baseman
Shan,Basemore
Shana,Basey
Shanae,Basford
Shanda,Basgall
Shandi,Bash
Shandra,Basha
Shane,Basham
Shane,Bashara
Shaneka,Bashaw
Shanel,Basher
Shanell,Bashford
Shanelle,Bashi
Shani,Bashinelli
Shanice,Bashir
Shanika,Bashline
Shaniqua,Bashor
Shanita,Bashore
Shanna,Basich
Shannan,Basil
Shannon,Basila
Shannon,Basile
Shanon,Basiliere
Shanta,Basilio
Shantae,Basilone
Shantay,Basinger
Shante,Basini
Shantel,Basinski
Shantell,Basista
Shantelle,Baskas
Shanti,Baskerville
Shaquana,Basket
Shaquita,Baskett
Shara,Baskette
Sharan,Baskin
Sharda,Baskind
Sharee,Baskins
Sharell,Baskow
Sharen,Basler
Shari,Basley
Sharice,Basner
Sharie,Basnett
Sharika,Basnight
Sharilyn,Basom
Sharita,Bason
Sharla,Basone
Sharleen,Basora
Sharlene,Basore
Sharmaine,Basque
Sharolyn,Basques
Sharon,Basquez
Sharonda,Bass
Sharri,Bassage
Sharron,Bassali
Sharyl,Bassani
Sharyn,Bassano
Shasta,Basse
Shaun,Bassel
Shaun,Basset
Shauna,Bassett
Shaunda,Bassette
Shaunna,Bassetti
Shaunta,Bassford
Shaunte,Bassham
Shavon,Bassi
Shavonda,Bassil
Shavonne,Bassin
Shawana,Bassiti
Shawanda,Bassler
Shawanna,Basso
Shawn,Bassolino
Shawn,Bassuk
Shawna,Bast
Shawnda,Basta
Shawnee,Bastain
Shawnna,Bastarache
Shawnta,Bastardi
Shay,Bastedo
Shayla,Basten
Shayna,Baster
Shayne,Bastian
Shayne,Bastianelli
Shea,Bastic
Sheba,Bastick
Sheena,Bastida
Sheila,Bastidas
Sheilah,Bastidos
Shela,Bastien
Shelba,Bastilla
Shelby,Bastille
Shelby,Bastin
Sheldon,Bastine
Shelia,Baston
Shella,Bastone
Shelley,Bastos
Shelli,Bastow
Shellie,Bastress
Shelly,Bastura
Shelton,Basu
Shemeka,Basua
Shemika,Basulto
Shena,Basurto
Shenika,Baswell
Shenita,Basye
Shenna,Batala
Shera,Batalla
Sheree,Batalona
Sherell,Batara
Sheri,Batarse
Sherice,Batas
Sheridan,Batch
Sherie,Batchelder
Sherika,Batcheller
Sherill,Batchellor
Sherilyn,Batchelor
Sherise,Batcher
Sherita,Batdorf
Sherlene,Bate
Sherley,Batel
Sherly,Bateman
Sherlyn,Bater
Sherman,Baters
Sheron,Bates
Sherrell,Batesole
Sherri,Bateson
Sherrie,Batey
Sherril,Bath
Sherrill,Bathe
Sherron,Bathke
Sherry,Bathrick
Sherryl,Bathurst
Sherwood,Batie
Shery,Batimon
Sheryl,Batis
Sheryll,Batista
Shiela,Batiste
Shila,Batistich
Shiloh,Batiz
Shin,Batkin
Shira,Batko
Shirely,Batley
Shirl,Batliner
Shirlee,Batlis
Shirleen,Batlle
Shirlene,Batman
Shirley,Baton
Shirley,Bator
Shirly,Batra
Shizue,Batres
Shizuko,Batrez
Shon,Batrich
Shona,Batrum
Shonda,Batson
Shondra,Batt
Shonna,Batta
Shonta,Battaglia
Shoshana,Battaglini
Shu,Battaglino
Shyla,Battani
