Madalene,Bacayo
Madaline,Bacca
Madalyn,Baccam
Maddie,Baccari
Madelaine,Bacchi
Madeleine,Bacchus
Madelene,Bacco
Madeline,Baccouche
Madelyn,Baccus
Madge,Bacerra
Madie,Bach
Madison,Bacha
Madlyn,Bachan
Madonna,Bachand
Mae,Bachar
Maegan,Bachas
Mafalda,Bache
Magali,Bachelder
Magaly,Bachelor
Magan,Bacher
Magaret,Bachert
Magda,Bachhuber
Magdalen,Bachicha
Magdalena,Bachinski
Magdalene,Bachleda
Magen,Bachler
Maggie,Bachman
Magnolia,Bachmann
Mahalia,Bachmeier
Mai,Bachmeyer
Maia,Bachner
Maida,Bacho
Maile,Bachor
Maira,Bachorski
Maire,Bachrach
Maisha,Bachrodt
Maisie,Bachta
Major,Bachtel
Majorie,Bachtell
Makeda,Bachtold
Malcolm,Bachus
Malcom,Bacich
Malena,Bacigalupi
Malia,Bacigalupo
Malik,Bacik
Malika,Bacino
Malinda,Bacio
Malisa,Back
Malissa,Backbone
Malka,Backe
Mallie,Backen
Mallory,Backenstose
Malorie,Backer
Malvina,Backers
Mamie,Backes
Mammie,Backey
Man,Backfisch
Man,Backhaus
Mana,Backhuus
Manda,Backlund
Mandi,Backman
Mandie,Backmon
Mandy,Backous
Manie,Backstrom
Manual,Backues
Manuel,Backus
Manuela,Bacman
Many,Bacolor
Mao,Bacon
Maple,Bacone
Mara,Bacorn
Maragaret,Bacot
Maragret,Bacote
Maranda,Baculpo
Marc,Bacurin
Marcel,Bacus
Marcela,Bacy
Marcelene,Baczewski
Marcelina,Bad
Marceline,Badagliacca
Marcelino,Badal
Marcell,Badalamenti
Marcella,Badame
Marcelle,Badami
Marcellus,Badamo
Marcelo,Badanguio
Marcene,Badasci
Marchelle,Baddeley
Marci,Badder
Marcia,Badders
Marcie,Baddley
Marco,Baddour
Marcos,Bade
Marcus,Badeau
Marcy,Badeaux
Mardell,Baden
Maren,Badena
Marg,Badenoch
Margaret,Bader
Margareta,Badertscher
Margarete,Badey
Margarett,Badger
Margaretta,Badgero
Margarette,Badget
Margarita,Badgett
Margarite,Badgley
Margarito,Badia
Margart,Badie
Marge,Badilla
Margene,Badillo
Margeret,Badini
Margert,Badlam
Margery,Badley
Marget,Badman
Margherita,Bado
Margie,Badolato
Margit,Badon
Margo,Badoni
Margorie,Badour
Margot,Badruddin
Margret,Badua
Margrett,Badura
Marguerita,Bady
Marguerite,Badzinski
Margurite,Bae
Margy,Baehr
Marhta,Baek
Mari,Baell
Maria,Baena
Maria,Baenziger
Mariah,Baer
Mariam,Baerg
Marian,Baerga
Mariana,Baeringer
Marianela,Baerlocher
Mariann,Baerman
Marianna,Baese
Marianne,Baeskens
Mariano,Baessler
Maribel,Baetz
Maribeth,Baez
Marica,Baeza
Maricela,Baff
Maricruz,Baffa
Marie,Bafford
Mariel,Baffuto
Mariela,Bafia
Mariella,Bagan
Marielle,Bagaoisan
Marietta,Bagby
Mariette,Bagdasarian
Mariko,Bagdon
Marilee,Bagdonas
Marilou,Bageant
Marilu,Bagen
Marilyn,Bagent
Marilynn,Bagg
Marin,Bagge
Marina,Baggenstoss
Marinda,Bagger
Marine,Baggerly
Mario,Baggesen
Mario,Baggett
Marion,Baggette
Marion,Baggio
Maris,Baggott
Marisa,Baggs
Marisela,Baghdasarian
Marisha,Bagheri
Marisol,Bagi
Marissa,Baginski
Marita,Bagley
Maritza,Baglione
Marivel,Bagnall
Marjorie,Bagnaschi
Marjory,Bagnato
Mark,Bagne
Mark,Bagnell
Marketta,Bagner
Markita,Bagni
Markus,Bagnoli
Marla,Bagoyo
Marlana,Bagozzi
Marleen,Bagron
Marlen,Bagsby
Marlena,Bagshaw
Marlene,Bagu
Marlin,Bagwell
Marlin,Bagwill
Marline,Bah
Marlo,Bahadue
Marlon,Baham
Marlyn,Bahamonde
Marlys,Bahar
Marna,Bahde
Marni,Bahe
Marnie,Bahena
Marquerite,Baher
Marquetta,Bahl
Marquis,Bahler
Marquita,Bahlmann
Marquitta,Bahls
Marry,Bahm
Marsha,Bahn
Marshall,Bahner
Marshall,Bahnsen
Marta,Bahoora
Marth,Bahr
Martha,Bahri
Marti,Bahrke
Martin,Bahrmasel
Martin,Bahrs
Martina,Bahun
Martine,Bai
Marty,Baibak
Marty,Baich
Marva,Baichan
Marvel,Baier
Marvella,Baiera
Marvin,Baierl
Marvis,Baig
Marx,Baik
Mary,Bail
Mary,Bailado
Marya,Bailard
Maryalice,Baile
Maryam,Bailer
Maryann,Bailes
Maryanna,Bailey
Maryanne,Bailie
Marybelle,Bailiff
Marybeth,Bailin
Maryellen,Baillargeon
Maryetta,Baille
Maryjane,Baillet
Maryjo,Bailleu
Maryland,Baillie
Marylee,Baillio
Marylin,Bailly
Maryln,Bailon
Marylou,Bailony
Marylouise,Bailor
Marylyn,Baily
Marylynn,Baim
Maryrose,Baima
Masako,Bain
Mason,Bainard
Matha,Bainbridge
Mathew,Baine
Mathilda,Bainer
Mathilde,Baines
Matilda,Bainey
Matilde,Bains
Matt,Bainter
Matthew,Bainum
Matthew,Baio
Mattie,Baiotto
Maud,Bair
Maude,Bairam
Maudie,Baird
Maura,Baires
Maureen,Bairo
Maurice,Bairos
Maurice,Baisch
Mauricio,Baisden
Maurine,Baise
Maurita,Baisey
Mauro,Baish
Mavis,Baisley
Max,Baison
Maxie,Baisten
Maxima,Baites
Maximina,Baitg
Maximo,Baitner
Maxine,Baity
Maxwell,Baiz
May,Baiza
Maya,Baize
Maybell,Baizer
Maybelle,Baj
