Anthony,Ackerson
Antione,Ackert
Antionette,Ackies
Antoine,Ackins
Antoinette,Ackison
Anton,Ackiss
Antone,Ackland
Antonetta,Acklen
Antonette,Ackles
Antonia,Ackley
Antonia,Acklin
Antonietta,Ackman
Antonina,Ackmann
Antonio,Ackroyd
Antonio,Acly
Antony,Acoba
Antwan,Acocella
Anya,Acock
Apolonia,Acoff
April,Acor
Apryl,Acord
Ara,Acorda
Araceli,Acors
Aracelis,Acosta
Aracely,Acosto
Arcelia,Acothley
Archie,Acquaviva
Ardath,Acquilla
Ardelia,Acre
Ardell,Acree
Ardella,Acres
Ardelle,Acrey
Arden,Acri
Ardis,Acron
Ardith,Actis
Aretha,Acton
Argelia,Acuff
Argentina,Acuna
Ariana,Acy
Ariane,Ada
Arianna,Adachi
Arianne,Adair
Arica,Adalja
Arie,Adam
Ariel,Adamaitis
Ariel,Adamcik
Arielle,Adamczak
Arla,Adamczyk
Arlean,Adame
Arleen,Adamec
Arlen,Adamek
Arlena,Adames
Arlene,Adami
Arletha,Adamiak
Arletta,Adamik
Arlette,Adamis
Arlie,Adamitis
Arlinda,Adamo
Arline,Adamos
Arlyne,Adamowski
Armand,Adams
Armanda,Adamsen
Armandina,Adamski
Armando,Adamsky
Armida,Adamson
Arminda,Adamsonis
Arnetta,Adamyan
Arnette,Adan
Arnita,Adank
Arnold,Adas
Arnoldo,Adauto
Arnulfo,Adaway
Aron,Aday
Arron,Adcock
Art,Adcox
Arthur,Addair
Arthur,Addams
Artie,Addario
Arturo,Addeo
Arvilla,Adderley
Asa,Adderly
Asha,Addesso
Ashanti,Addicks
Ashely,Addie
Ashlea,Addiego
Ashlee,Addington
Ashleigh,Addis
Ashley,Addison
Ashley,Addleman
Ashli,Addo
Ashlie,Adduci
Ashly,Addy
Ashlyn,Ade
Ashton,Adebisi
Asia,Adee
Asley,Adel
Assunta,Adelblue
Astrid,Adelgren
Asuncion,Adelizzi
Athena,Adell
Aubrey,Adelman
Aubrey,Adelmann
Audie,Adelmund
Audra,Adels
Audrea,Adelsberg
Audrey,Adelson
Audria,Adelsperger
Audrie,Adelstein
Audry,Adema
August,Aden
Augusta,Adens
Augustina,Ader
Augustine,Aderhold
Augustine,Aderholdt
Augustus,Aderholt
Aundrea,Aderman
Aura,Aderson
Aurea,Ades
Aurelia,Adessa
Aurelio,Adesso
Aurora,Adey
Aurore,Adeyemo
Austin,Adger
Austin,Adham
Autumn,Adhami
Ava,Adi
Avelina,Adib
Avery,Adickes
Avery,Adie
Avis,Adil
Avril,Adinolfi
Awilda,Adjei
Ayako,Adjutant
Ayana,Adkerson
Ayanna,Adkin
Ayesha,Adkins
Azalee,Adkinson
Azucena,Adkison
Azzie,Adkisson
Babara,Adlam
Babette,Adle
Bailey,Adleman
Bambi,Adler
Bao,Adley
Barabara,Adling
Barb,Adloff
Barbar,Admas
Barbara,Admire
Barbera,Adner
Barbie,Adney
Barbra,Adolf
Bari,Adolfo
Barney,Adolfson
Barrett,Adolph
Barrie,Adolphe
Barry,Adolphsen
Bart,Adolphson
Barton,Adolphus
Basil,Adomaitis
Basilia,Adon
Bea,Adonis
Beata,Adorno
Beatrice,Adragna
Beatris,Adrian
Beatriz,Adriance
Beau,Adriano
Beaulah,Adrid
Bebe,Adrien
Becki,Adrion
Beckie,Adrovel
Becky,Adside
Bee,Adsit
Belen,Adu
Belia,Aduddell
Belinda,Adule
Belkis,Adwell
Bell,Ady
Bella,Adzhabakyan
Belle,Aegerter
Belva,Aeillo
Ben,Aeling
Benedict,Aemmer
Benita,Aerni
Benito,Aerts
Benjamin,Aery
Bennett,Aeschbacher
Bennie,Aeschliman
Bennie,Aeschlimann
Benny,Afable
Benton,Afalava
Berenice,Afan
Berna,Afanador
Bernadette,Affagato
Bernadine,Affeld
Bernard,Affelt
Bernarda,Affeltranger
Bernardina,Affleck
Bernardine,Afflick
Bernardo,Affolter
Berneice,Affronti
Bernetta,Aflalo
Bernice,Afoa
Bernie,Afonso
Bernie,Africa
Berniece,Afshar
Bernita,Afshari
Berry,Afton
Berry,Afurong
Bert,Afzal
Berta,Agamao
Bertha,Agan
Bertie,Agans
Bertram,Agar
Beryl,Agard
Bess,Agarwal
Bessie,Agbayani
Beth,Agbisit
Bethanie,Agcaoili
Bethann,Age
Bethany,Ageboi
Bethel,Agee
Betsey,Agel
Betsy,Agemy
Bette,Agena
Bettie,Agent
Bettina,Ager
Betty,Agers
Bettyann,Agerter
Bettye,Agerton
Beula,Aggarwal
Beulah,Aggas
Bev,Aggers
Beverlee,Agib
Beverley,Agilar
Beverly,Agin
Bianca,Agins
Bibi,Agle
Bill,Agler
Billi,Agliam
Billie,Agne
Billie,Agnelli
Billy,Agnello
Billy,Agner
Billye,Agnes
Birdie,Agnew
Birgit,Agney
Blaine,Agni
Blair,Agnor
Blair,Agoff
Blake,Agonoy
Blake,Agor
Blanca,Agoras
Blanch,Agoro
Blanche,Agosta
Blondell,Agosti
Blossom,Agostinelli
Blythe,Agostini
Bo,Agostino
Bob,Agosto
Bobbi,Agpaoa
Bobbie,Agramonte
Bobbie,Agrawal
Bobby,Agre
Bobby,Agreda
Bobbye,Agredano
Bobette,Agrela
Bok,Agresta
Bong,Agreste
Bonita,Agresti
Bonnie,Agresto
Bonny,Agricola
Booker,Agriesti
Boris,Agrios
Boyce,Agro
Boyd,Agron
Brad,Agtarap
Bradford,Aguada
Bradley,Aguado
Bradly,Aguallo
Brady,Aguas
