Aaron,Aaberg
Aaron,Aaby
Abbey,Aadland
Abbie,Aagaard
Abby,Aakre
Abdul,Aaland
Abe,Aalbers
Abel,Aalderink
Abigail,Aalund
Abraham,Aamodt
Abram,Aamot
Ada,Aanderud
Adah,Aanenson
Adalberto,Aanerud
Adaline,Aarant
Adam,Aardema
Adam,Aarestad
Adan,Aarhus
Addie,Aaron
Adela,Aarons
Adelaida,Aaronson
Adelaide,Aarsvold
Adele,Aas
Adelia,Aasby
Adelina,Aase
Adeline,Aasen
Adell,Aavang
Adella,Abad
Adelle,Abadi
Adena,Abadie
Adina,Abair
Adolfo,Abaja
Adolph,Abajian
Adria,Abalos
Adrian,Abaloz
Adrian,Abar
Adriana,Abarca
Adriane,Abare
Adrianna,Abascal
Adrianne,Abasta
Adrien,Abate
Adriene,Abati
Adrienne,Abatiell
Afton,Abato
Agatha,Abatti
Agnes,Abaunza
Agnus,Abaya
Agripina,Abbadessa
Agueda,Abbamonte
Agustin,Abbas
Agustina,Abbasi
Ahmad,Abbassi
Ahmed,Abbate
Ai,Abbatiello
Aida,Abbay
Aide,Abbe
Aiko,Abbed
Aileen,Abbenante
Ailene,Abbey
Aimee,Abbinanti
Aisha,Abbington
Aja,Abbitt
Akiko,Abbot
Akilah,Abbott
Al,Abboud
Alaina,Abbruzzese
Alaine,Abbs
Alan,Abby
Alana,Abdalla
Alane,Abdallah
Alanna,Abdel
Alayna,Abdelal
Alba,Abdelaziz
Albert,Abdeldayen
Albert,Abdelhamid
Alberta,Abdella
Albertha,Abdelmuti
Albertina,Abdelrahman
Albertine,Abdelwahed
Alberto,Abdi
Albina,Abdin
Alda,Abdo
Alden,Abdon
Aldo,Abdool
Alease,Abdou
Alec,Abdul
Alecia,Abdula
Aleen,Abdulaziz
Aleida,Abdulkarim
Aleisha,Abdulla
Alejandra,Abdullah
Alejandrina,Abdullai
Alejandro,Abdulmateen
Alena,Abdulmuniem
Alene,Abdur
Alesha,Abe
Aleshia,Abeb
Alesia,Abed
Alessandra,Abedelah
Aleta,Abedi
Aletha,Abee
Alethea,Abegg
Alethia,Abeita
Alex,Abel
Alex,Abela
Alexa,Abelar
Alexander,Abelardo
Alexander,Abele
Alexandra,Abeles
Alexandria,Abell
Alexia,Abella
Alexis,Abellera
Alexis,Abelman
Alfonso,Abeln
Alfonzo,Abels
Alfred,Abelson
Alfreda,Aben
Alfredia,Abend
Alfredo,Abendroth
Ali,Aber
Ali,Abercombie
Alia,Abercrombie
Alica,Aberle
Alice,Abernatha
Alicia,Abernathy
Alida,Abernethy
Alina,Aberson
Aline,Abes
Alisa,Abeta
Alise,Abete
Alisha,Abetrani
Alishia,Abeyta
Alisia,Abide
Alison,Abigantus
Alissa,Abila
Alita,Abilay
Alix,Abild
Aliza,Abilez
Alla,Abina
Allan,Abington
Alleen,Abitong
Allegra,Abke
Allen,Abkemeier
Allen,Ablang
Allena,Ablao
Allene,Able
Allie,Ableman
Alline,Abler
Allison,Ables
Allyn,Ablin
Allyson,Abling
Alma,Abner
Almeda,Abnet
Almeta,Abney
Alona,Abo
Alonso,Abolafia
Alonzo,Abolt
Alpha,Abood
Alphonse,Aboshihata
Alphonso,Aboud
Alta,Aboudi
Altagracia,Aboulahoud
Altha,Aboulissan
Althea,Abousaleh
Alton,Aboytes
Alva,Abplanalp
Alva,Abrachinsky
Alvaro,Abraham
Alvera,Abrahamian
Alverta,Abrahams
Alvin,Abrahamsen
Alvina,Abrahamson
Alyce,Abram
Alycia,Abramek
Alysa,Abramian
Alyse,Abramoff
Alysha,Abramov
Alysia,Abramovich
Alyson,Abramovitz
Alyssa,Abramowitz
Amada,Abramowski
Amado,Abrams
Amal,Abramson
Amalia,Abrantes
Amanda,Abreau
Amber,Abrecht
Amberly,Abrego
Ambrose,Abrell
Amee,Abreo
Amelia,Abreu
America,Abrev
Ami,Abrew
Amie,Abrey
Amiee,Abrial
Amina,Abril
Amira,Abriola
Ammie,Abrom
Amos,Abron
Amparo,Abruzzese
Amy,Abruzzino
An,Abruzzo
Ana,Absalon
Anabel,Abshear
Analisa,Absher
Anamaria,Abshier
Anastacia,Abshire
Anastasia,Abson
Andera,Abston
Anderson,Abt
Andra,Abts
Andre,Abu
Andre,Abuaita
Andrea,Abubakr
Andrea,Abud
Andreas,Abuel
Andree,Abugn
Andres,Abuhl
Andrew,Abundis
Andrew,Abundiz
Andria,Aburto
Andy,Abusufait
Anette,Acal
Angel,Acampora
Angel,Accala
Angela,Accardi
Angele,Accardo
Angelena,Accetta
Angeles,Accetturo
Angelia,Accola
Angelic,Accomando
Angelica,Accornero
Angelika,Accosta
Angelina,Accurso
Angeline,Ace
Angelique,Acebedo
Angelita,Acebo
Angella,Acedo
Angelo,Acee
Angelo,Aceituno
Angelyn,Acencio
Angie,Aceret
Angila,Acerno
Angla,Acero
Angle,Acerra
Anglea,Aceto
Anh,Aceuedo
Anibal,Acevado
Anika,Aceveda
Anisa,Acevedo
Anisha,Aceves
Anissa,Acey
Anita,Acfalle
Anitra,Achane
Anja,Ache
Anjanette,Acheampong
Anjelica,Achee
Ann,Achekian
Anna,Achenbach
Annabel,Acheson
Annabell,Achille
Annabelle,Achilles
Annalee,Achin
Annalisa,Achor
Annamae,Achord
Annamaria,Achorn
Annamarie,Achter
Anne,Achterhof
Anneliese,Achzet
Annelle,Achziger
Annemarie,Acierno
Annett,Acimovic
Annetta,Ack
Annette,Ackah
Annice,Acken
Annie,Acker
Annika,Ackerley
Annis,Ackerly
Annita,Ackerman
Annmarie,Ackermann
Anthony,Ackers
