Charlie,Albergotti
Charlie,Alberico
Charline,Albero
Charlott,Alberro
Charlotte,Alberry
Charlsie,Albers
Charlyn,Alberson
Charmain,Albert
Charmaine,Alberta
Charolette,Alberthal
Chas,Alberti
Chase,Albertine
Chasidy,Albertini
Chasity,Alberto
Chassidy,Alberts
Chastity,Albertsen
Chau,Albertson
Chauncey,Alberty
Chaya,Albery
Chelsea,Albin
Chelsey,Albini
Chelsie,Albino
Cher,Albiston
Chere,Albor
Cheree,Alborn
Cherelle,Albornoz
Cheri,Albracht
Cherie,Albrashi
Cherilyn,Albrecht
Cherise,Albrekht
Cherish,Albright
Cherly,Albriton
Cherlyn,Albrittain
Cherri,Albritton
Cherrie,Albro
Cherry,Albrough
Cherryl,Albu
Chery,Albury
Cheryl,Albus
Cheryle,Alby
Cheryll,Alcaide
Chester,Alcala
Chet,Alcalde
Cheyenne,Alcantar
Chi,Alcantara
Chi,Alcantas
Chia,Alcaoa
Chieko,Alcaraz
Chin,Alcazar
China,Alce
Ching,Alcide
Chiquita,Alcina
Chloe,Alcine
Chong,Alcini
Chong,Alcivar
Chris,Alcocer
Chris,Alcock
Chrissy,Alcombright
Christa,Alcon
Christal,Alconcel
Christeen,Alcorn
Christel,Alcorta
Christen,Alcoser
Christena,Alcosiba
Christene,Alcott
Christi,Aldaba
Christia,Aldaco
Christian,Aldama
Christian,Aldana
Christiana,Aldapa
Christiane,Aldape
Christie,Aldarondo
Christin,Aldas
Christina,Aldava
Christine,Alday
Christinia,Aldaz
Christoper,Aldecoa
Christopher,Alden
Christopher,Alder
Christy,Alderete
Chrystal,Alderfer
Chu,Alderink
Chuck,Alderman
Chun,Alderson
Chung,Alderton
Chung,Aldi
Ciara,Aldinger
Cicely,Aldo
Ciera,Aldonza
Cierra,Aldous
Cinda,Aldred
Cinderella,Aldredge
Cindi,Aldrege
Cindie,Aldrete
Cindy,Aldrich
Cinthia,Aldridge
Cira,Aldrige
Clair,Aldrow
Clair,Aldworth
Claire,Alea
Clara,Alecca
Clare,Aleem
Clarence,Aleff
Clarence,Alegar
Claretha,Alegi
Claretta,Alegre
Claribel,Alegria
Clarice,Aleizar
Clarinda,Alejandre
Clarine,Alejandrez
Claris,Alejandro
Clarisa,Alejo
Clarissa,Alejos
Clarita,Alekna
Clark,Aleksey
Classie,Aleman
Claud,Alemany
Claude,Alen
Claude,Aleo
Claudette,Alepin
Claudia,Alequin
Claudie,Aler
Claudine,Alers
Claudio,Alert
Clay,Alerte
Clayton,Ales
Clelia,Alesci
Clemencia,Alescio
Clement,Aleshire
Clemente,Alesi
Clementina,Alesna
Clementine,Alessandrini
Clemmie,Alessandro
Cleo,Alessandroni
Cleo,Alesse
Cleopatra,Alessi
Cleora,Alessio
Cleotilde,Alevedo
Cleta,Alevras
Cletus,Alewine
Cleveland,Alex
Cliff,Alexader
Clifford,Alexaki
Clifton,Alexakis
Clint,Alexander
Clinton,Alexanders
Clora,Alexandra
Clorinda,Alexandre
Clotilde,Alexandria
Clyde,Alexandropoul
Clyde,Alexanian
Codi,Alexender
Cody,Alexidor
Cody,Alexion
Colby,Alexiou
Colby,Alexis
Cole,Alexnder
Coleen,Alexopoulos
Coleman,Alexy
Colene,Alexzander
Coletta,Aley
Colette,Aleyandrez
Colin,Alf
Colleen,Alfandre
Collen,Alfano
Collene,Alfaro
Collette,Alfera
Collin,Alferez
Colton,Alfero
Columbus,Alff
Concepcion,Alfieri
Conception,Alfiero
Concetta,Alfisi
Concha,Alfonsi
Conchita,Alfonso
Connie,Alfonzo
Connie,Alford
Conrad,Alfred
Constance,Alfredo
Consuela,Alfreds
Consuelo,Alfrey
Contessa,Alfson
Cora,Algarin
Coral,Alge
Coralee,Algee
Coralie,Algeo
Corazon,Alger
Cordelia,Alghamdi
Cordell,Algien
Cordia,Algier
Cordie,Algire
Coreen,Algood
Corene,Alguire
Coretta,Alhaddad
Corey,Alhambra
Corey,Alhameed
Cori,Alhusseini
Corie,Ali
Corina,Aliaga
Corine,Aliano
Corinna,Alias
Corinne,Aliberti
Corliss,Alibozek
Cornelia,Alicandro
Cornelius,Alice
Cornell,Alicea
Corrie,Alicer
Corrin,Alicia
Corrina,Alicuben
Corrine,Alie
Corrinne,Alier
Cortez,Aliff
Cortney,Alig
Cory,Alim
Cory,Aliment
Courtney,Alimento
Courtney,Alimo
Coy,Aline
Craig,Alioto
Creola,Aliotta
Cris,Alipio
Criselda,Alire
Crissy,Alires
Crista,Alirez
Cristal,Alisauskas
Cristen,Alison
Cristi,Alix
Cristie,Alizadeh
Cristin,Aljemal
Cristina,Alkana
Cristine,Alkbsh
Cristobal,Alkema
Cristopher,Alken
Cristy,Alkins
Cruz,Alkire
Cruz,All
Crysta,Allaband
Crystal,Allabaugh
Crystle,Allah
Cuc,Allain
Curt,Allaire
Curtis,Allam
Curtis,Allaman
Cyndi,Allamon
Cyndy,Allamong
Cynthia,Allan
Cyril,Allanson
Cyrstal,Allara
Cyrus,Allard
Cythia,Allateef
Dacia,Allaway
Dagmar,Allbee
Dagny,Allbert
Dahlia,Allbones
Daina,Allbright
Daine,Allbritten
Daisey,Allbritton
Daisy,Allcock
Dakota,Allcorn
Dale,Allday
Dale,Allder
Dalene,Alldredge
Dalia,Allebach
Dalila,Allee
Dallas,Allegood
Dallas,Allegra
Dalton,Allegre
Damaris,Allegretta
Damian,Allegretti
Damien,Allegrini
Damion,Allegrucci
Damon,Alleman
Dan,Allemand
Dan,Allemond
Dana,Allen
Dana,Allenbach
Danae,Allenbaugh
Dane,Allenbrand
Danelle,Allende
Danette,Allender
