Glenna,Anteby
Glennie,Antee
Glennis,Antell
Glinda,Antenor
Gloria,Antenucci
Glory,Anter
Glynda,Antes
Glynis,Anthes
Golda,Anthis
Golden,Anthon
Goldie,Anthony
Gonzalo,Antich
Gordon,Antignani
Grace,Antigua
Gracia,Antila
Gracie,Antill
Graciela,Antilla
Grady,Antillon
Graham,Antinarelli
Graig,Antinore
Grant,Antinoro
Granville,Antione
Grayce,Antis
Grazyna,Antista
Greg,Antkowiak
Gregg,Antle
Gregoria,Antley
Gregorio,Antman
Gregory,Antoine
Gregory,Antolak
Greta,Antolik
Gretchen,Antolin
Gretta,Antolini
Gricelda,Antolos
Grisel,Anton
Griselda,Antona
Grover,Antonacci
Guadalupe,Antonaccio
Guadalupe,Antonakos
Gudrun,Antone
Guillermina,Antonelli
Guillermo,Antonellis
Gus,Antonello
Gussie,Antonetti
Gustavo,Antonetty
Guy,Antonia
Gwen,Antoniak
Gwenda,Antonich
Gwendolyn,Antoniewicz
Gwenn,Antonini
Gwyn,Antonio
Gwyneth,Antoniotti
Ha,Antoniou
Hae,Antonis
Hai,Antoniuk
Hailey,Antonopoulos
Hal,Antonovich
Haley,Antonsen
Halina,Antonson
Halley,Antonucci
Hallie,Antony
Han,Antos
Hana,Antosh
Hang,Antrican
Hanh,Antrikin
Hank,Antrim
Hanna,Antrobus
Hannah,Antronica
Hannelore,Anttila
Hans,Antu
Harlan,Antuna
Harland,Antunes
Harley,Antunez
Harmony,Antwi
Harold,Antwine
Harold,Anwar
Harriet,Anway
Harriett,Anyan
Harriette,Anzai
Harris,Anzaldo
Harrison,Anzaldua
Harry,Anzalone
Harvey,Anzideo
Hassan,Anzora
Hassie,Anzualda
Hattie,Anzures
Haydee,Ao
Hayden,Aoay
Hayley,Aoki
Haywood,Aono
Hazel,Apa
Heath,Apadaca
Heather,Apadoca
Hector,Apaez
Hedwig,Apalategui
Hedy,Apana
Hee,Aparicio
Heide,Aparo
Heidi,Ape
Heidy,Apel
Heike,Apela
Helaine,Apelian
Helen,Aper
Helena,Aperges
Helene,Apfel
Helga,Apgar
Hellen,Apicella
Henrietta,Apilado
Henriette,Apker
Henry,Apkin
Henry,Apking
Herb,Apland
Herbert,Apley
Heriberto,Aplin
Herlinda,Apling
Herma,Aplington
Herman,Apo
Hermelinda,Apodaca
Hermila,Apodace
Hermina,Apodoca
Hermine,Apolinar
Herminia,Apolito
Herschel,Apollo
Hershel,Apolo
Herta,Aponta
Hertha,Aponte
Hester,Apostal
Hettie,Apostol
Hiedi,App
Hien,Appana
Hilaria,Appel
Hilario,Appelbaum
Hilary,Appelgate
Hilda,Appelgren
Hilde,Appeling
Hildegard,Appell
Hildegarde,Appello
Hildred,Appelman
Hillary,Appelt
Hilma,Appenzeller
Hilton,Apperson
Hipolito,Appert
Hiram,Appia
Hiroko,Appiah
Hisako,Appl
Hoa,Apple
Hobert,Applebaum
Holley,Applebee
Holli,Appleberry
Hollie,Applebury
Hollis,Appleby
Hollis,Applegarth
Holly,Applegate
Homer,Appleman
Honey,Applen
Hong,Appleton
Hong,Applewhaite
Hope,Applewhite
Horace,Appleyard
Horacio,Applin
Hortencia,Appling
Hortense,Applonie
Hortensia,Appolonia
Hosea,Aprea
Houston,Apresa
Howard,Aprigliano
Hoyt,April
Hsiu,Aprill
Hubert,Apruzzese
Hue,Apsey
Huey,Apshire
Hugh,Apt
Hugo,Apthorpe
Hui,Apuzzi
Hulda,Apuzzo
Humberto,Apyuan
Hung,Aquas
Hunter,Aquero
Huong,Aquil
Hwa,Aquilar
Hyacinth,Aquilera
Hye,Aquilina
Hyman,Aquilino
Hyo,Aquino
Hyon,Aquirre
Hyun,Ar
Ian,Arab
Ida,Arabajian
Idalia,Arabia
Idell,Arabian
Idella,Arabie
Iesha,Aracena
Ignacia,Aradanas
Ignacio,Aragaki
Ike,Aragan
Ila,Aragao
Ilana,Aragon
Ilda,Aragones
Ileana,Aragoni
Ileen,Aragundi
Ilene,Aragus
Iliana,Arai
Illa,Araiza
Ilona,Arakaki
Ilse,Arakawa
Iluminada,Araki
Ima,Araldi
Imelda,Aramboles
Imogene,Arambuia
In,Arambula
Ina,Arambulo
India,Aramini
Indira,Aran
Inell,Arana
Ines,Aranas
Inez,Arancibia
Inga,Arand
Inge,Aranda
Ingeborg,Araneo
Inger,Arango
Ingrid,Aranjo
Inocencia,Arano
Iola,Arant
Iona,Araque
Ione,Arashiro
Ira,Arata
Ira,Arato
Iraida,Arau
Irena,Araujo
Irene,Arauz
Irina,Arave
Iris,Aravjo
Irish,Araya
Irma,Arb
Irmgard,Arballo
Irvin,Arbaugh
Irving,Arbeiter
Irwin,Arbertha
Isa,Arbetman
Isaac,Arbizo
Isabel,Arbo
Isabell,Arbogast
Isabella,Arbogust
Isabelle,Arboleda
Isadora,Arbolida
Isaiah,Arbon
Isaias,Arbour
Isaura,Arbry
Isela,Arbucci
Isiah,Arbuckle
Isidra,Arbuthnot
Isidro,Arca
Isis,Arcadipane
Ismael,Arcand
Isobel,Arcangel
Israel,Arcano
Isreal,Arcaro
Issac,Arcaute
Iva,Arce
Ivan,Arcea
Ivana,Arcega
Ivelisse,Arcement
Ivette,Arceneaux
Ivey,Arceo
Ivonne,Arch
Ivory,Archacki
Ivory,Archambault
Ivy,Archambeau
Izetta,Archambeault
Izola,Archangel
Ja,Archbell
Jacalyn,Archbold
Jacelyn,Archdale
Jacinda,Archer
Jacinta,Archey
Jacinto,Archibald
Jack,Archibeque
Jack,Archibold
Jackeline,Archie
Jackelyn,Archila
