Dortha,Alvira
Dorthea,Alvirez
Dorthey,Alvis
Dorthy,Alviso
Dot,Alvizo
Dottie,Alvord
Dotty,Alvorez
Doug,Alwan
Douglas,Alwang
Douglass,Alward
Dovie,Alwardt
Doyle,Alway
Dreama,Alwazan
Drema,Alwin
Drew,Alwine
Drew,Aly
Drucilla,Alyea
Drusilla,Alzaga
Duane,Alzate
Dudley,Alzugaray
Dulce,Amabile
Dulcie,Amacher
Duncan,Amack
Dung,Amacker
Dusti,Amadeo
Dustin,Amadi
Dusty,Amadio
Dusty,Amado
Dwain,Amadon
Dwana,Amador
Dwayne,Amailla
Dwight,Amaker
Dyan,Amalfitano
Dylan,Amalong
Earl,Aman
Earle,Amancio
Earlean,Amann
Earleen,Amano
Earlene,Amante
Earlie,Amanza
Earline,Amar
Earnest,Amara
Earnestine,Amaral
Eartha,Amarante
Easter,Amargo
Eboni,Amari
Ebonie,Amarian
Ebony,Amarillas
Echo,Amaro
Ed,Amas
Eda,Amason
Edda,Amass
Eddie,Amat
Eddie,Amati
Eddy,Amato
Edelmira,Amauty
Eden,Amavisca
Edgar,Amaya
Edgardo,Amazan
Edie,Ambagis
Edison,Ambeau
Edith,Amber
Edmond,Amberg
Edmund,Ambers
Edmundo,Amberson
Edna,Ambert
Edra,Amble
Edris,Ambler
Eduardo,Amboise
Edward,Amboree
Edward,Amborn
Edwardo,Ambres
Edwin,Ambrister
Edwina,Ambriz
Edyth,Ambrogi
Edythe,Ambrose
Effie,Ambrosia
Efrain,Ambrosini
Efren,Ambrosino
Ehtel,Ambrosio
Eileen,Ambrosius
Eilene,Ambrosone
Ela,Ambroz
Eladia,Ambroziak
Elaina,Ambuehl
Elaine,Amburgey
Elana,Amburgy
Elane,Amburn
Elanor,Amdahl
Elayne,Amderson
Elba,Amedee
Elbert,Amedeo
Elda,Amedro
Elden,Ameduri
Eldon,Ameen
Eldora,Ameigh
Eldridge,Amejorado
Eleanor,Amel
Eleanora,Amela
Eleanore,Amelang
Elease,Ameling
Elena,Amelio
Elene,Amell
Eleni,Amelung
Elenor,Amemiya
Elenora,Amen
Elenore,Amend
Eleonor,Amendola
Eleonora,Ament
Eleonore,Amenta
Elfreda,Amentler
Elfrieda,Amento
Elfriede,Amer
Eli,America
Elia,American
Eliana,Amerine
Elias,Amerio
Elicia,Amerman
Elida,Amero
Elidia,Amerson
Elijah,Amert
Elin,Ames
Elina,Amesbury
Elinor,Amescua
Elinore,Amesquieto
Elisa,Amesquita
Elisabeth,Amey
Elise,Amezaga
Eliseo,Amezcua
Elisha,Amezquita
Elisha,Amici
Elissa,Amick
Eliz,Amico
Eliza,Amicone
Elizabet,Amidei
Elizabeth,Amidi
Elizbeth,Amidon
Elizebeth,Amie
Elke,Amigo
Ella,Amigon
Ellamae,Amill
Ellan,Amin
Ellen,Amini
Ellena,Aminov
Elli,Amiot
Ellie,Amir
Elliot,Amirault
Elliott,Amiri
Ellis,Amirian
Ellis,Amis
Ellsworth,Amisano
Elly,Amison
Ellyn,Amistadi
Elma,Amistoso
Elmer,Amith
Elmer,Amlin
Elmira,Ammann
Elmo,Ammar
Elna,Ammer
Elnora,Ammerman
Elodia,Ammirata
Elois,Ammirati
Eloisa,Ammirato
Eloise,Ammon
Elouise,Ammonds
Eloy,Ammons
Elroy,Amo
Elsa,Amoa
Else,Amoah
Elsie,Amoako
Elsy,Amodei
Elton,Amodeo
Elva,Amodio
Elvera,Amodt
Elvia,Amoe
Elvie,Amolsch
Elvin,Amon
Elvina,Amonette
Elvira,Amons
Elvis,Amor
Elwanda,Amore
Elwood,Amorello
Elyse,Amores
Elza,Amoriello
Ema,Amorim
Emanuel,Amorin
Emelda,Amormino
Emelia,Amoros
Emelina,Amorose
Emeline,Amorosi
Emely,Amoroso
Emerald,Amoruso
Emerita,Amory
Emerson,Amos
Emery,Amoss
Emiko,Amott
Emil,Amour
Emile,Amous
Emilee,Amparan
Emilia,Amparo
Emilie,Amphy
Emilio,Ampy
Emily,Amr
Emma,Amrein
Emmaline,Amrhein
Emmanuel,Amrich
Emmett,Amrine
Emmie,Amsbaugh
Emmitt,Amsberry
Emmy,Amsdell
Emogene,Amsden
Emory,Amsili
Ena,Amsinger
Enda,Amsler
Enedina,Amsley
Eneida,Amspaugh
Enid,Amspoker
Enoch,Amstein
Enola,Amster
Enrique,Amsterdam
Enriqueta,Amstrong
Epifania,Amstutz
Era,Amtower
Erasmo,Amundsen
Eric,Amundson
Eric,Amunrud
Erica,Amuso
Erich,Amweg
Erick,Amy
Ericka,Amyot
Erik,Amyotte
Erika,Amys
Erin,Amyx
Erin,An
Erinn,Ana
Erlene,Anable
Erlinda,Anacker
Erline,Anadio
Erma,Anagnos
Ermelinda,Anagnost
Erminia,Anagnostou
Erna,Anakalea
Ernest,Analla
Ernestina,Anand
Ernestine,Anania
Ernesto,Ananias
Ernie,Anasagasti
Errol,Anast
Ervin,Anastacio
Erwin,Anastas
Eryn,Anastasi
Esmeralda,Anastasia
Esperanza,Anastasiades
Essie,Anastasio
Esta,Anastos
Esteban,Anauo
Estefana,Anawalt
Estela,Anawaty
Estell,Anaya
Estella,Ancalade
Estelle,Ancar
Ester,Ancel
Esther,Ancelet
Estrella,Ancell
Etha,Ancheta
Ethan,Anchondo
Ethel,Anchors
Ethelene,Ancic
Ethelyn,Ancira
Ethyl,Anciso
Etsuko,Ancona
Etta,Ancrum
Ettie,Anctil
Eufemia,Ancy
Eugena,Anda
Eugene,Andalora
Eugene,Andary
Eugenia,Andaverde
Eugenie,Andaya
Eugenio,Andebe
