Vonnie,Begnaud
Wade,Begnoche
Wai,Begolli
Waldo,Begonia
Walker,Begor
Wallace,Beguelin
Wally,Beguhl
Walter,Begum
Walter,Begun
Walton,Behal
Waltraud,Behan
Wan,Behanan
Wanda,Behanna
Waneta,Behar
Wanetta,Behel
Wanita,Behen
Ward,Beherns
Warner,Behimer
Warren,Behizadeh
Wava,Behl
Waylon,Behlen
Wayne,Behler
Wei,Behling
Weldon,Behlke
Wen,Behlmer
Wendell,Behm
Wendi,Behme
Wendie,Behmer
Wendolyn,Behn
Wendy,Behne
Wenona,Behner
Werner,Behney
Wes,Behning
Wesley,Behnke
Wesley,Behnken
Weston,Behr
Whitley,Behran
Whitney,Behrend
Whitney,Behrends
Wilber,Behrendt
Wilbert,Behrens
Wilbur,Behrenwald
Wilburn,Behring
Wilda,Behringer
Wiley,Behrle
Wilford,Behrman
Wilfred,Behrmann
Wilfredo,Behrns
Wilhelmina,Behun
Wilhemina,Behunin
Will,Behymer
Willa,Beichner
Willard,Beidleman
Willena,Beidler
Willene,Beien
Willetta,Beier
Willette,Beierle
Willia,Beierschmitt
William,Beigert
William,Beighley
Williams,Beightol
Willian,Beik
Willie,Beil
Willie,Beile
Williemae,Beiler
Willis,Beiley
Willodean,Beilfuss
Willow,Beilinson
Willy,Beilke
Wilma,Beilman
Wilmer,Beilstein
Wilson,Bein
Wilton,Beine
Windy,Beinlich
Winford,Beiriger
Winfred,Beirise
Winifred,Beirne
Winnie,Beisch
Winnifred,Beisel
Winona,Beiser
Winston,Beish
Winter,Beisner
Wm,Beissel
Wonda,Beisser
Woodrow,Beiswanger
Wyatt,Beiswenger
Wynell,Beitel
Wynona,Beiter
Xavier,Beith
Xenia,Beitler
Xiao,Beitz
Xiomara,Beitzel
Xochitl,Beja
Xuan,Bejar
Yadira,Bejaran
Yaeko,Bejarano
Yael,Bejcek
Yahaira,Bejerano
Yajaira,Bejger
Yan,Bejil
Yang,Bejjani
Yanira,Bek
Yasmin,Bekele
Yasmine,Beker
Yasuko,Bekerman
Yee,Bekhit
Yelena,Bekins
Yen,Bekis
Yer,Bekius
Yesenia,Bekker
Yessenia,Bel
Yetta,Bela
Yevette,Belair
Yi,Belak
Ying,Belancer
Yoko,Beland
Yolanda,Belanger
Yolande,Belangia
Yolando,Belanich
Yolonda,Belarde
Yon,Belardo
Yong,Belarmino
Yong,Belasco
Yoshie,Belay
Yoshiko,Belback
Youlanda,Belcastro
Young,Belch
Young,Belcher
Yu,Belchior
Yuette,Belcourt
Yuk,Belden
Yuki,Beldin
Yukiko,Belding
Yuko,Beldon
Yulanda,Belen
Yun,Belew
Yung,Beley
Yuonne,Belezos
Yuri,Belfanti
Yuriko,Belfast
Yvette,Belfi
Yvone,Belfield
Yvonne,Belfiglio
Zachariah,Belfiore
Zachary,Belflower
Zachery,Belford
Zack,Belfort
Zackary,Belfy
Zada,Belgard
Zaida,Belgarde
Zana,Belgrade
Zandra,Belgrave
Zane,Belhumeur
Zelda,Beliard
Zella,Belich
Zelma,Belidor
Zena,Belieu
Zenaida,Belile
Zenia,Beliles
Zenobia,Belin
Zetta,Belina
Zina,Belinski
Zita,Belinsky
Zoe,Belisle
Zofia,Belitz
Zoila,Beliveau
Zola,Beliz
Zona,Belizaire
Zonia,Beljan
Zora,Belk
Zoraida,Belka
Zula,Belke
Zulema,Belken
Zulma,Belkin
