Eula,Andel
Eulah,Andelman
Eulalia,Ander
Eun,Andera
Euna,Anderberg
Eunice,Andere
Eura,Anderegg
Eusebia,Anderholm
Eusebio,Anderl
Eustolia,Anderlik
Eva,Anderman
Evalyn,Anderon
Evan,Anders
Evan,Andersen
Evangelina,Anderson
Evangeline,Andersson
Eve,Anderst
Evelia,Andert
Evelin,Anderton
Evelina,Andes
Eveline,Andeson
Evelyn,Andina
Evelyne,Anding
Evelynn,Andino
Everett,Andis
Everette,Ando
Evette,Andoh
Evia,Andon
Evie,Andonian
Evita,Andra
Evon,Andrachak
Evonne,Andracki
Ewa,Andrada
Exie,Andrade
Ezekiel,Andrades
Ezequiel,Andradez
Ezra,Andrado
Fabian,Andrae
Fabiola,Andrango
Fae,Andras
Fairy,Andre
Faith,Andrea
Fallon,Andreadis
Fannie,Andreas
Fanny,Andreasen
Farah,Andreason
Farrah,Andreassen
Fatima,Andreassi
Fatimah,Andreatta
Faustina,Andree
Faustino,Andreen
Fausto,Andreessen
Faviola,Andregg
Fawn,Andren
Fay,Andreola
Faye,Andreoli
Fe,Andreoni
Federico,Andreotti
Felecia,Andreozzi
Felica,Andrepont
Felice,Andres
Felicia,Andresen
Felicidad,Andress
Felicita,Andreu
Felicitas,Andreula
Felipa,Andrew
Felipe,Andrews
Felisa,Andrian
Felisha,Andrich
Felix,Andrick
Felton,Andries
Ferdinand,Andringa
Fermin,Andrino
Fermina,Andrion
Fern,Andriopulos
Fernanda,Andris
Fernande,Andrle
Fernando,Androde
Ferne,Androes
Fidel,Androlewicz
Fidela,Andronis
Fidelia,Andros
Filiberto,Androsky
Filomena,Andrson
Fiona,Andrulis
Flavia,Andrus
Fleta,Andruss
Fletcher,Andruszkiewic
Flo,Andruzzi
Flor,Andry
Flora,Andrzejczak
Florance,Andrzejczyk
Florence,Andrzejewski
Florencia,Andueza
Florencio,Andujar
Florene,Andujo
Florentina,Andy
Florentino,Andzulis
Floretta,Anecelle
Floria,Anelli
Florida,Anello
Florinda,Anene
Florine,Anerton
Florrie,Anes
Flossie,Aneshansley
Floy,Anesi
Floyd,Anestos
Fonda,Anetsberger
Forest,Anewalt
Forrest,Aney
Foster,Anez
Fran,Anfinson
France,Ang
Francene,Angalich
Frances,Angarola
Frances,Ange
Francesca,Angel
Francesco,Angela
Franchesca,Angelbeck
Francie,Angeles
Francina,Angeletti
Francine,Angeli
Francis,Angelica
Francis,Angelico
Francisca,Angelilli
Francisco,Angelillo
Francisco,Angeline
Francoise,Angelini
Frank,Angelino
Frank,Angell
Frankie,Angelle
Frankie,Angello
Franklin,Angellotti
Franklyn,Angelo
Fransisca,Angelocci
Fred,Angeloff
Fred,Angelone
Freda,Angeloni
Fredda,Angeloro
Freddie,Angelos
Freddie,Angelotti
Freddy,Angelou
Frederic,Angelovich
Frederica,Angelozzi
Frederick,Angelson
Fredericka,Angelucci
Fredia,Anger
Fredric,Angerer
Fredrick,Angerman
Fredricka,Angermeier
Freeda,Angeron
Freeman,Angers
Freida,Angert
Frida,Angevine
Frieda,Angiano
Fritz,Angier
Fumiko,Angilello
Gabriel,Angileri
Gabriel,Angilletta
Gabriela,Angiolelli
Gabriele,Angiolillo
Gabriella,Angione
Gabrielle,Angis
Gail,Anglada
Gail,Anglade
Gala,Angland
Gale,Angle
Gale,Anglea
Galen,Angleberger
Galina,Anglebrandt
Garfield,Anglemyer
Garland,Anglen
Garnet,Angles
Garnett,Angleton
Garret,Angley
Garrett,Anglin
Garry,Anglum
Garth,Angocicco
Gary,Angold
Gary,Angolo
Gaston,Angon
Gavin,Angotti
Gay,Angove
Gaye,Angrisano
Gayla,Angry
Gayle,Angst
Gayle,Angstadt
Gaylene,Angton
Gaylord,Anguiano
Gaynell,Angulo
Gaynelle,Angus
Gearldine,Angustia
Gema,Angviano
Gemma,Angwin
Gena,Anhalt
Genaro,Anhorn
Gene,Anibal
Gene,Anichini
Genesis,Anick
Geneva,Anidi
Genevie,Aniello
Genevieve,Animashaun
Genevive,Aningalan
Genia,Aninion
Genie,Aniol
Genna,Anis
Gennie,Anitok
Genny,Ankenman
Genoveva,Ankeny
Geoffrey,Anker
Georgann,Ankersen
George,Anklam
George,Ankney
Georgeann,Ankrapp
Georgeanna,Ankrom
Georgene,Ankrum
Georgetta,Anliker
Georgette,Ann
Georgia,Anna
Georgiana,Annabel
Georgiann,Annable
Georgianna,Annal
Georgianne,Annala
Georgie,Annan
Georgina,Annand
Georgine,Annarino
Gerald,Annarummo
Gerald,Annarumo
Geraldine,Annas
Geraldo,Anne
Geralyn,Anneler
Gerard,Annen
Gerardo,Annese
Gerda,Anness
Geri,Annett
Germaine,Annette
German,Annibale
Gerri,Annicchiarico
Gerry,Annichiarico
Gerry,Anning
Gertha,Annino
Gertie,Annis
Gertrud,Anno
Gertrude,Annon
Gertrudis,Annonio
Gertude,Annunziata
Ghislaine,Annuzzi
Gia,Ano
Gianna,Anoe
Gidget,Anolick
Gigi,Anon
Gil,Anos
Gilbert,Anreozzi
Gilberte,Ansara
Gilberto,Ansari
Gilda,Ansbacher
Gillian,Ansbro
Gilma,Anschutz
Gina,Ansel
Ginette,Ansell
Ginger,Anselm
Ginny,Anselmi
Gino,Anselmo
Giovanna,Anshutz
Giovanni,Ansley
Gisela,Anslinger
Gisele,Ansloan
Giselle,Anslow
Gita,Ansoategui
Giuseppe,Anson
Giuseppina,Anspach
Gladis,Anspaugh
Glady,Anstead
Gladys,Anstett
Glayds,Anstey
Glen,Anstine
Glenda,Antal
Glendora,Antao
Glenn,Antaya
Glenn,Antczak
