Dani,Allendorf
Dania,Allenson
Danial,Allensworth
Danica,Aller
Daniel,Allerman
Daniel,Allers
Daniela,Allerton
Daniele,Alleruzzo
Daniell,Allery
Daniella,Alles
Danielle,Alleshouse
Danika,Allessi
Danille,Allessio
Danilo,Alleva
Danita,Allevato
Dann,Allex
Danna,Alley
Dannette,Alleyne
Dannie,Allford
Dannie,Allgaeuer
Dannielle,Allgaier
Danny,Allgeier
Dante,Allgeyer
Danuta,Allgier
Danyel,Allgire
Danyell,Allgood
Danyelle,Allhands
Daphine,Alli
Daphne,Alliance
Dara,Allie
Darby,Alligood
Darcel,Alliman
Darcey,Allin
Darci,Allinder
Darcie,Alling
Darcy,Allinger
Darell,Allington
Daren,Allio
Daria,Allis
Darin,Allison
Dario,Alliston
Darius,Allman
Darla,Allmand
Darleen,Allmon
Darlena,Allmond
Darlene,Allnutt
Darline,Allocca
Darnell,Allocco
Darnell,Allon
Daron,Allor
Darrel,Alloway
Darrell,Allphin
Darren,Allred
Darrick,Allridge
Darrin,Alls
Darron,Allsbrook
Darryl,Allsbrooks
Darwin,Allscheid
Daryl,Allshouse
Daryl,Allsop
Dave,Allston
David,Allstott
David,Allsup
Davida,Allton
Davina,Alltop
Davis,Allum
Dawn,Allums
Dawna,Allvin
Dawne,Allwardt
Dayle,Allwood
Dayna,Ally
Daysi,Allyn
Deadra,Allyne
Dean,Alm
Dean,Alma
Deana,Almada
Deandra,Almaguer
Deandre,Almajhoub
Deandrea,Alman
Deane,Almand
Deangelo,Almanza
Deann,Almanzar
Deanna,Almaras
Deanne,Almaraz
Deb,Almarez
Debbi,Almario
Debbie,Almarza
Debbra,Almas
Debby,Almasi
Debera,Almazan
Debi,Alme
Debora,Almeda
Deborah,Almeida
Debra,Almen
Debrah,Almenar
Debroah,Almendarez
Dede,Almengor
Dedra,Almerico
Dee,Almestica
Dee,Almeter
Deeann,Almeyda
Deeanna,Almgren
Deedee,Almiron
Deedra,Almodova
Deena,Almodovar
Deetta,Almon
Deidra,Almond
Deidre,Almonte
Deirdre,Almos
Deja,Almquist
Del,Almstead
Delaine,Almsteadt
Delana,Almy
Delbert,Alnas
Delcie,Alnoor
Delena,Alnutt
Delfina,Alo
Delia,Aloan
Delicia,Aloe
Delila,Aloi
Delilah,Aloia
Delinda,Aloisi
Delisa,Alonge
Dell,Alongi
Della,Alonso
Delma,Alonza
Delmar,Alonzo
Delmer,Alosa
Delmy,Alosta
Delois,Alouf
Deloise,Aloy
Delora,Alpaugh
Deloras,Alper
Delores,Alperin
Deloris,Alpern
Delorse,Alpers
Delpha,Alpert
Delphia,Alpha
Delphine,Alpheaus
Delsie,Alphin
Delta,Alphonse
Demarcus,Alphonso
Demetra,Alpis
Demetria,Alpizar
Demetrice,Alquesta
Demetrius,Alquicira
Demetrius,Alquijay
Dena,Alquisira
Denae,Alrais
Deneen,Alred
Denese,Alrich
Denice,Alrod
Denis,Alsandor
Denise,Alsaqri
Denisha,Alsberry
Denisse,Alsbrook
Denita,Alsbrooks
Denna,Alsbury
Dennis,Alsdon
Dennis,Alsheimer
Dennise,Alshouse
Denny,Alsina
Denny,Alsing
Denver,Alsip
Denyse,Alsman
Deon,Alsobrook
Deon,Alsobrooks
Deonna,Alson
Derek,Alsop
Derick,Alspach
Derrick,Alspaugh
Deshawn,Alstad
Desirae,Alston
Desire,Alstott
Desiree,Alstrom
Desmond,Alsup
Despina,Alt
Dessie,Altadonna
Destiny,Altamirano
Detra,Altamiruno
Devin,Altaras
Devin,Altavilla
Devon,Altemus
Devon,Altenbach
Devona,Altenburg
Devora,Altenhofen
Devorah,Alter
Dewayne,Alteri
Dewey,Alterio
Dewitt,Alterman
Dexter,Altermatt
Dia,Altes
Diamond,Altew
Dian,Althaus
Diana,Althauser
Diane,Altheimer
Diann,Althiser
Dianna,Althoff
Dianne,Althouse
Dick,Altic
Diedra,Altice
Diedre,Altidor
Diego,Altier
Dierdre,Altieri
Digna,Altiery
Dillon,Altig
Dimple,Altimus
Dina,Altizer
Dinah,Altken
Dino,Altman
Dinorah,Altmann
Dion,Altmark
Dion,Altmiller
Dione,Altmire
Dionna,Alto
Dionne,Altobell
Dirk,Altobelli
Divina,Altobello
Dixie,Altom
Dodie,Altomare
Dollie,Altomari
Dolly,Altomonte
Dolores,Alton
Doloris,Altonen
Domenic,Altop
Domenica,Altreche
Dominga,Altringer
Domingo,Altro
Dominic,Altrogge
Dominica,Altschuler
Dominick,Altshuler
Dominique,Altsisi
Dominique,Altstatt
Dominque,Altum
Domitila,Altvater
Domonique,Altwies
Don,Alty
Dona,Alu
Donald,Aluarado
Donald,Aluarez
Donella,Aluise
Donetta,Alukonis
Donette,Alumbaugh
Dong,Alummoottil
Dong,Aluqdah
Donita,Alva
Donn,Alvacado
Donna,Alvalle
Donnell,Alvanas
Donnetta,Alvanez
Donnette,Alvara
Donnie,Alvarado
Donnie,Alvardo
Donny,Alvarenga
Donovan,Alvarengo
Donte,Alvares
Donya,Alvarez
Dora,Alvaro
Dorathy,Alvarracin
Dorcas,Alvarran
Doreatha,Alvear
Doreen,Alvelo
Dorene,Alven
Doretha,Alverado
Dorethea,Alveraz
Doretta,Alverest
Dori,Alverez
Doria,Alverio
Dorian,Alvernaz
Dorian,Alvero
Dorie,Alverson
Dorinda,Alves
Dorine,Alvey
Doris,Alvez
Dorla,Alvia
Dorotha,Alviar
Dorothea,Alvidrez
Dorothy,Alvin
Dorris,Alvine
Dorsey,Alvino
