Lenna,Austen
Lennie,Auster
Lenny,Austerberry
Lenora,Austgen
Lenore,Austill
Leo,Austin
Leo,Austine
Leola,Austino
Leoma,Auston
Leon,Austria
Leon,Autaubo
Leona,Auten
Leonard,Auter
Leonarda,Auteri
Leonardo,Autery
Leone,Authement
Leonel,Auther
Leonia,Authur
Leonida,Autin
Leonie,Autio
Leonila,Autman
Leonor,Autobee
Leonora,Auton
Leonore,Autovino
Leontine,Autrano
Leopoldo,Autrey
Leora,Autry
Leota,Autullo
Lera,Auvil
Leroy,Auwaerter
Les,Auwarter
Lesa,Auxier
Lesha,Auxilien
Lesia,Auyer
Leslee,Auyeung
Lesley,Auyon
Lesley,Auyong
Lesli,Auzat
Leslie,Auzenne
Leslie,Auzston
Lessie,Avala
Lester,Avallone
Lester,Avalos
Leta,Avance
Letha,Avancena
Leticia,Avans
Letisha,Avansino
Letitia,Avant
Lettie,Avants
Letty,Avanzato
Levi,Avarbuch
Lewis,Avary
Lewis,Ave
Lexie,Aveado
Lezlie,Avelar
Li,Aveles
Lia,Aveline
Liana,Avelino
Liane,Avella
Lianne,Avellaneda
Libbie,Avellano
Libby,Avellar
Liberty,Avellino
Librada,Avello
Lida,Avena
Lidia,Avendano
Lien,Aveni
Lieselotte,Avenia
Ligia,Avenoso
Lila,Avent
Lili,Aver
Lilia,Avera
Lilian,Averbach
Liliana,Averbeck
Lilla,Averett
Lilli,Averette
Lillia,Averhart
Lilliam,Averill
Lillian,Averitt
Lilliana,Averitte
Lillie,Avers
Lilly,Aversa
Lily,Aversano
Lin,Avery
Lina,Averyt
Lincoln,Avetisyan
Linda,Avey
Lindsay,Avie
Lindsay,Avila
Lindsey,Avilar
Lindsey,Aviles
Lindsy,Avilez
Lindy,Avilla
Linette,Avina
Ling,Avinger
Linh,Avino
Linn,Avirett
Linnea,Avis
Linnie,Avison
Lino,Avita
Linsey,Avitabile
Linwood,Avitia
Lionel,Avner
Lisa,Avola
Lisabeth,Avolio
Lisandra,Avon
Lisbeth,Avona
Lise,Avrett
Lisette,Avril
Lisha,Aw
Lissa,Awad
Lissette,Awada
Lita,Awai
Livia,Awalt
Liz,Awbrey
Liza,Awe
Lizabeth,Awender
Lizbeth,Awkard
Lizeth,Awkward
Lizette,Awong
Lizzette,Awtrey
Lizzie,Awtry
Lloyd,Awyie
Loan,Ax
Logan,Axe
Logan,Axel
Loida,Axelrad
Lois,Axelrod
Loise,Axelsen
Lola,Axelson
Lolita,Axford
Loma,Axley
Lon,Axline
Lona,Axman
Londa,Axon
Long,Axsom
Loni,Axson
Lonna,Axt
Lonnie,Axtell
Lonnie,Axthelm
Lonny,Axtman
Lora,Axton
Loraine,Ayaia
Loralee,Ayala
Lore,Ayalla
Lorean,Ayars
Loree,Ayarza
Loreen,Aybar
Lorelei,Aycock
Loren,Aycox
Loren,Aydelott
Lorena,Aydin
Lorene,Aydlett
Lorenza,Aydt
Lorenzo,Aye
Loreta,Ayele
Loretta,Ayer
Lorette,Ayers
Lori,Ayersman
Loria,Ayhens
Loriann,Aykroid
Lorie,Ayles
Lorilee,Aylesworth
Lorina,Ayling
Lorinda,Aylock
Lorine,Aylor
Loris,Aylsworth
Lorita,Aylward
Lorna,Aymar
Lorraine,Aymond
Lorretta,Aynes
Lorri,Ayo
Lorriane,Ayola
Lorrie,Ayon
Lorrine,Ayoob
Lory,Ayotte
Lottie,Ayoub
Lou,Ayre
Lou,Ayres
Louann,Ayscue
Louanne,Aysien
Louella,Aytes
Louetta,Ayudan
Louie,Ayuso
Louie,Ayyad
Louis,Azad
Louis,Azahar
Louisa,Azapinto
Louise,Azar
Loura,Azatyan
Lourdes,Azbell
Lourie,Azbill
Louvenia,Azcona
Love,Azebedo
Lovella,Azeem
Lovetta,Azen
Lovie,Azer
Lowell,Azevedo
Loyce,Azhocar
Loyd,Azim
Lu,Azimi
Luana,Aziz
Luann,Azor
Luanna,Azore
Luanne,Azotea
Luba,Azoulay
Lucas,Azua
Luci,Azulay
Lucia,Azuma
Luciana,Azure
Luciano,Azzano
Lucie,Azzara
Lucien,Azzarella
Lucienne,Azzarito
Lucila,Azzaro
Lucile,Azznara
Lucilla,Azzopardi
Lucille,Ba
Lucina,Baab
Lucinda,Baack
Lucio,Baade
Lucius,Baadsgaard
Lucrecia,Baar
Lucretia,Baars
Lucy,Baarts
Ludie,Baas
Ludivina,Baatz
Lue,Bab
Luella,Baba
Luetta,Babat
Luigi,Babauta
Luis,Babb
Luis,Babbel
Luisa,Babbin
Luise,Babbish
Luke,Babbit
Lula,Babbitt
Lulu,Babbs
Luna,Babcock
Lupe,Babe
Lupe,Babecki
Lupita,Babel
Lura,Babena
Lurlene,Baber
Lurline,Babers
Luther,Babeu
Luvenia,Babey
Luz,Babiarz
Lyda,Babic
Lydia,Babich
Lyla,Babick
Lyle,Babicke
Lyman,Babicz
Lyn,Babikian
Lynda,Babilon
Lyndia,Babilonia
Lyndon,Babin
Lyndsay,Babine
Lyndsey,Babineau
Lynell,Babineaux
Lynelle,Babington
Lynetta,Babino
Lynette,Babinski
Lynn,Babione
Lynn,Babiracki
Lynna,Babish
Lynne,Babitsch
Lynnette,Babjeck
Lynsey,Bablak
Lynwood,Bable
Ma,Babonis
Mabel,Babrow
Mabelle,Babson
Mable,Babst
Mac,Babu
Machelle,Babula
Macie,Babyak
Mack,Baca
Mackenzie,Bacak
Macy,Bacarella
