Maye,Bajaj
Mayme,Bajdas
Maynard,Bajek
Mayola,Bajko
Mayra,Bajorek
Mazie,Bajwa
Mckenzie,Bak
Mckinley,Baka
Meagan,Bakalar
Meaghan,Bakalars
Mechelle,Bakaler
Meda,Bakanauskas
Mee,Bake
Meg,Bakeley
Megan,Bakemeier
Meggan,Baken
Meghan,Baker
Meghann,Bakerville
Mei,Bakes
Mel,Bakewell
Melaine,Bakey
Melani,Bakhshian
Melania,Bakios
Melanie,Bakkala
Melany,Bakke
Melba,Bakken
Melda,Bakker
Melia,Bakko
Melida,Bakkum
Melina,Bakley
Melinda,Baklund
Melisa,Bakos
Melissa,Bakowski
Melissia,Bakr
Melita,Baksh
Mellie,Bakshi
Mellisa,Baksi
Mellissa,Bakst
Melodee,Bakula
Melodi,Bal
Melodie,Bala
Melody,Balaam
Melonie,Balaban
Melony,Baladejo
Melva,Balado
Melvin,Balafoutas
Melvin,Balagtas
Melvina,Balak
Melynda,Balancia
Mendy,Balandran
Mercedes,Balangatan
Mercedez,Balanoff
Mercy,Balas
Meredith,Balasa
Meri,Balasco
Merideth,Balash
Meridith,Balaski
Merilyn,Balasko
Merissa,Balassi
Merle,Balasubramani
Merle,Balay
Merlene,Balaz
Merlin,Balazs
Merlyn,Balbas
Merna,Balbi
Merri,Balbin
Merrie,Balboa
Merrilee,Balboni
Merrill,Balbontin
Merrill,Balbuena
Merry,Balcazar
Mertie,Balceiro
Mervin,Balcer
Meryl,Balcerzak
Meta,Balch
Mi,Balchunas
Mia,Balcitis
Mica,Balck
Micaela,Balckburn
Micah,Balckwell
Micah,Balcom
Micha,Balcomb
Michael,Balcorta
Michael,Balcos
Michaela,Bald
Michaele,Balda
Michal,Baldacchino
Michal,Baldacci
Michale,Baldasaro
Micheal,Baldassano
Micheal,Baldassara
Michel,Baldassare
Michel,Baldassarre
Michele,Baldauf
Michelina,Balde
Micheline,Baldearena
Michell,Baldelli
Michelle,Balden
Michiko,Baldenegro
Mickey,Balder
Mickey,Balderama
Micki,Balderas
Mickie,Balderrama
Miesha,Balderree
Migdalia,Balderson
Mignon,Balderston
Miguel,Baldi
Miguelina,Balding
Mika,Baldinger
Mikaela,Baldini
Mike,Baldino
Mike,Baldivia
Mikel,Baldiviez
Miki,Baldo
Mikki,Baldock
Mila,Baldomero
Milagro,Baldon
Milagros,Baldonado
Milan,Baldor
Milda,Baldos
Mildred,Baldree
Miles,Baldrey
Milford,Baldridge
Milissa,Baldrige
Millard,Balducci
Millicent,Balduf
Millie,Baldus
Milly,Balduzzi
Milo,Baldwin
Milton,Baldwyn
Mimi,Baldy
Min,Baldyga
Mina,Bale
Minda,Balensiefen
Mindi,Balent
Mindy,Balentine
Minerva,Balerio
Ming,Bales
Minh,Balestra
Minh,Balestrieri
Minna,Balette
Minnie,Baley
Minta,Balezentis
Miquel,Balfany
Mira,Balfe
Miranda,Balford
Mireille,Balfour
Mirella,Balhorn
Mireya,Bali
Miriam,Balian
Mirian,Balich
Mirna,Balick
Mirta,Balicki
Mirtha,Baliga
Misha,Baligod
Miss,Balin
Missy,Balint
Misti,Balis
Mistie,Balish
Misty,Balistreri
Mitch,Balistrieri
Mitchel,Balitas
Mitchell,Balius
Mitchell,Balk
Mitsue,Balkcom
Mitsuko,Balke
Mittie,Balkey
Mitzi,Balkin
Mitzie,Balko
Miyoko,Balkus
Modesta,Ball
Modesto,Balla
Mohamed,Balladares
Mohammad,Ballagas
Mohammed,Ballagh
Moira,Ballam
Moises,Ballan
Mollie,Ballance
Molly,Ballantine
Mona,Ballantyne
Monet,Ballar
Monica,Ballard
Monika,Ballas
Monique,Ballato
Monnie,Balle
Monroe,Ballejos
Monserrate,Ballek
Monte,Ballen
Monty,Ballena
Moon,Ballengee
Mora,Ballenger
Morgan,Ballensky
Morgan,Ballentine
Moriah,Baller
Morris,Ballerini
Morton,Balles
Mose,Ballestas
Moses,Ballester
Moshe,Ballestero
Mozell,Ballesteros
Mozella,Ballesterous
Mozelle,Balletta
Mui,Balletto
Muoi,Ballew
Muriel,Balley
Murray,Ballez
My,Balleza
Myesha,Balli
Myles,Balliet
Myong,Balliett
Myra,Balliew
Myriam,Ballif
Myrl,Ballin
Myrle,Ballina
Myrna,Balling
Myron,Ballinger
Myrta,Ballintyn
Myrtice,Ballman
Myrtie,Ballmann
Myrtis,Ballmer
Myrtle,Ballog
Myung,Ballon
Na,Balloon
Nada,Ballou
Nadene,Ballow
Nadia,Ballowe
Nadine,Ballreich
Naida,Balls
Nakesha,Balluch
Nakia,Ballweg
Nakisha,Bally
Nakita,Balm
Nam,Balmaceda
Nan,Balmer
Nana,Balmes
Nancee,Balmir
Nancey,Balmores
Nanci,Balmos
Nancie,Balnis
Nancy,Balo
Nanette,Balock
Nannette,Balog
Nannie,Balogh
Naoma,Balogun
Naomi,Balok
Napoleon,Balon
Narcisa,Balonek
Natacha,Balow
Natalia,Balowski
Natalie,Baloy
Natalya,Balque
Natasha,Balsam
Natashia,Balsamo
Nathalie,Balsano
Nathan,Balser
Nathanael,Balsiger
Nathanial,Balsis
Nathaniel,Balsley
Natisha,Balson
Natividad,Balster
Natosha,Baltazar
Neal,Baltazor
Necole,Balter
Ned,Baltes
Neda,Balthazar
Nedra,Balthazor
Neely,Balthrop
Neida,Baltierra
Neil,Baltimore
Nelda,Baltodano
Nelia,Balton
Nelida,Baltrip
Nell,Baltruweit
Nella,Baltz
Nelle,Baltzell
Nellie,Baltzer
Nelly,Baltzley
Nelson,Balvanz
Nena,Balwin
Nenita,Balwinski
