Keven,Asleson
Kevin,Aslett
Kevin,Asley
Khadijah,Aslin
Khalilah,Aslinger
Kia,Asma
Kiana,Asman
Kiara,Asmar
Kiera,Asmus
Kiersten,Asmussen
Kiesha,Asner
Kieth,Asnicar
Kiley,Asp
Kim,Aspacio
Kim,Aspden
Kimber,Aspegren
Kimberely,Aspell
Kimberlee,Aspen
Kimberley,Asper
Kimberli,Asperheim
Kimberlie,Aspinall
Kimberly,Aspinwall
Kimbery,Aspley
Kimbra,Asplin
Kimi,Asplund
Kimiko,Aspri
Kina,Asquith
Kindra,Asrari
King,Assad
Kip,Assael
Kira,Assaf
Kirby,Assalone
Kirby,Assante
Kirk,Asselin
Kirsten,Asselmeier
Kirstie,Asselta
Kirstin,Assenmacher
Kisha,Assing
Kit,Assis
Kittie,Assum
Kitty,Ast
Kiyoko,Asta
Kizzie,Astacio
Kizzy,Astafan
Klara,Astarita
Korey,Aste
Kori,Asters
Kortney,Astillero
Kory,Astin
Kourtney,Astle
Kraig,Astley
Kris,Astol
Kris,Astolfi
Krishna,Aston
Krissy,Astor
Krista,Astorga
Kristal,Astorino
Kristan,Astrella
Kristeen,Astrologo
Kristel,Astrup
Kristen,Astry
Kristi,Astudillo
Kristian,Asturias
Kristie,Astwood
Kristin,Asuncion
Kristina,Aswegan
Kristine,Atala
Kristle,Atallah
Kristofer,Atamanczyk
Kristopher,Atamian
Kristy,Atanacio
Kristyn,Atay
Krysta,Atcher
Krystal,Atcheson
Krysten,Atchinson
Krystin,Atchison
Krystina,Atchity
Krystle,Atchley
Krystyna,Atcitty
Kum,Aten
Kurt,Atencio
Kurtis,Atengco
Kyla,Ater
Kyle,Ates
Kyle,Atha
Kylee,Athalone
Kylie,Athan
Kym,Athanasiou
Kymberly,Athans
Kyoko,Athas
Kyong,Athay
Kyra,Athayde
Kyung,Athearn
Lacey,Athens
Lachelle,Atherholt
Laci,Atherley
Lacie,Atherton
Lacresha,Athey
Lacy,Athmann
Lacy,Athy
Ladawn,Atienza
Ladonna,Atilano
Lady,Atiles
Lael,Atiyeh
Lahoma,Atkerson
Lai,Atkeson
Laila,Atkin
Laine,Atkins
Lajuana,Atkinson
Lakeesha,Atkison
Lakeisha,Atkisson
Lakendra,Atlas
Lakenya,Atleh
Lakesha,Atma
Lakeshia,Atmore
Lakia,Atnip
Lakiesha,Atoe
Lakisha,Aton
Lakita,Ator
Lala,Atta
Lamar,Attal
Lamonica,Attanasio
Lamont,Attard
Lan,Attaway
Lana,Atteberry
Lance,Attebery
Landon,Atteburg
Lane,Atterberry
Lane,Atterbury
Lanell,Atterson
Lanelle,Atthowe
Lanette,Attia
Lang,Attianese
Lani,Attig
Lanie,Attilio
Lanita,Attinger
Lannie,Attkisson
Lanny,Attles
Lanora,Attleson
Laquanda,Attridge
Laquita,Attwell
Lara,Attwood
Larae,Atwater
Laraine,Atwell
Laree,Atwill
Larhonda,Atwood
Larisa,Atzhorn
Larissa,Atzinger
Larita,Au
Laronda,Auala
Larraine,Aube
Larry,Aubel
Larry,Auber
Larue,Auberry
Lasandra,Aubert
Lashanda,Aubertine
Lashandra,Aubin
Lashaun,Auble
Lashaunda,Aubrecht
Lashawn,Aubrey
Lashawna,Aubry
Lashawnda,Aubuchon
Lashay,Aubut
Lashell,Auces
Lashon,Auch
Lashonda,Auchmoody
Lashunda,Auck
Lasonya,Auckerman
Latanya,Auckley
Latarsha,Auclair
Latasha,Aucoin
Latashia,Aucter
Latesha,Aud
Latia,Audain
Laticia,Audas
Latina,Audelhuk
Latisha,Audet
Latonia,Audette
Latonya,Audi
Latoria,Audia
Latosha,Audibert
Latoya,Audie
Latoyia,Audirsch
Latrice,Audrey
Latricia,Auduong
Latrina,Aue
Latrisha,Auel
Launa,Auer
Laura,Auerbach
Lauralee,Auerswald
Lauran,Aufderheide
Laure,Auffrey
Laureen,Aufiero
Laurel,Auge
Lauren,Augello
Lauren,Augenstein
Laurena,Auger
Laurence,Augeri
Laurence,Aughe
Laurene,Aughenbaugh
Lauretta,Aughtman
Laurette,Aughtry
Lauri,Augle
Laurice,Augliano
Laurie,Augsburger
Laurinda,Augspurger
Laurine,August
Lauryn,Augusta
Lavada,Augustave
Lavelle,Auguste
Lavenia,Augustin
Lavera,Augustine
Lavern,Augusto
Lavern,Augustson
Laverna,Augustus
Laverne,Augustyn
Laverne,Augustyniak
Laveta,Auila
Lavette,Auiles
Lavina,Aujla
Lavinia,Aukamp
Lavon,Auker
Lavona,Aukerman
Lavonda,Aukes
Lavone,Aul
Lavonia,Aulabaugh
Lavonna,Aulbach
Lavonne,Auld
Lawana,Aulder
Lawanda,Auldridge
Lawanna,Aulds
Lawerence,Auler
Lawrence,Auletta
Lawrence,Aull
Layla,Auls
Layne,Ault
Lazaro,Aultman
Le,Aultz
Lea,Auman
Leah,Aumann
Lean,Aumavae
Leana,Aumen
Leandra,Aumend
Leandro,Aument
Leann,Aumich
Leanna,Aumick
Leanne,Aumiller
Leanora,Aun
Leatha,Auna
Leatrice,Aune
Lecia,Aungst
Leda,Aunkst
Lee,Aupperle
Lee,Auprey
Leeann,Aurand
Leeanna,Aurelia
Leeanne,Aurelio
Leena,Aures
Leesa,Aurges
Leia,Auricchio
Leida,Aurich
Leif,Auringer
Leigh,Aurora
Leigh,Aurrichio
Leigha,Aus
Leighann,Ausbrooks
Leila,Ausburn
Leilani,Ausby
Leisa,Ausdemore
Leisha,Ausherman
Lekisha,Ausiello
Lela,Auslam
Lelah,Ausland
Leland,Auslander
Lelia,Ausley
Lemuel,Ausman
Len,Ausmus
Lena,Aust
Lenard,Austad
Lenita,Austell
