Jolene,Arnstein
Jolie,Arnsworth
Joline,Arnt
Jolyn,Arntson
Jolynn,Arntt
Jon,Arntz
Jon,Arntzen
Jona,Arnwine
Jonah,Arnzen
Jonas,Aro
Jonathan,Aroca
Jonathon,Arocha
Jone,Aroche
Jonell,Arocho
Jonelle,Arollo
Jong,Aromin
Joni,Aron
Jonie,Arone
Jonna,Aronhalt
Jonnie,Aronica
Jordan,Aronoff
Jordan,Aronov
Jordon,Aronow
Jorge,Aronowitz
Jose,Arons
Jose,Aronson
Josef,Aronstein
Josefa,Arora
Josefina,Arosemena
Josefine,Arostegui
Joselyn,Arouri
Joseph,Aroyo
Joseph,Arp
Josephina,Arpin
Josephine,Arpino
Josette,Arps
Josh,Arquelles
Joshua,Arquero
Joshua,Arqueta
Josiah,Arquette
Josie,Arquitt
Joslyn,Arra
Jospeh,Arraiol
Josphine,Arrambide
Josue,Arrance
Jovan,Arrand
Jovita,Arrant
Joy,Arrants
Joya,Arras
Joyce,Arrasmith
Joycelyn,Arre
Joye,Arreaga
Juan,Arredla
Juan,Arredondo
Juana,Arreguin
Juanita,Arrellano
Jude,Arrellin
Jude,Arrendell
Judi,Arrendondo
Judie,Arreola
Judith,Arrequin
Judson,Arrey
Judy,Arrez
Jule,Arrezola
Julee,Arriaga
Julene,Arriano
Jules,Arriaza
Juli,Arriazola
Julia,Arribas
Julian,Arrick
Julian,Arrieta
Juliana,Arrigo
Juliane,Arrigone
Juliann,Arrindel
Julianna,Arrington
Julianne,Arriola
Julie,Arris
Julieann,Arrisola
Julienne,Arrison
Juliet,Arritola
Julieta,Arrizaga
Julietta,Arrizola
Juliette,Arrocha
Julio,Arrocho
Julio,Arrojo
Julissa,Arroliga
Julius,Arrollo
June,Arron
Jung,Arrospide
Junie,Arrott
Junior,Arrow
Junita,Arrowood
Junko,Arrowsmith
Justa,Arroyano
Justin,Arroyd
Justin,Arroyo
Justina,Arroyos
Justine,Arruda
Jutta,Arsenault
Ka,Arseneau
Kacey,Arseneault
Kaci,Arsham
Kacie,Arslan
Kacy,Arslanian
Kai,Art
Kaila,Artale
Kaitlin,Artalejo
Kaitlyn,Arteaga
Kala,Artega
Kaleigh,Arter
Kaley,Arterberry
Kali,Arterburn
Kallie,Arterbury
Kalyn,Arters
Kam,Artez
Kamala,Arthun
Kami,Arthur
Kamilah,Arthurs
Kandace,Artiaga
Kandi,Artibee
Kandice,Artice
Kandis,Arties
Kandra,Artiga
Kandy,Artiles
Kanesha,Artinger
Kanisha,Artinian
Kara,Artis
Karan,Artison
Kareem,Artist
Kareen,Artley
Karen,Artman
Karena,Artmann
Karey,Artola
Kari,Arton
Karie,Artrip
Karima,Artry
Karin,Arts
Karina,Arturo
Karine,Artus
Karisa,Artuso
Karissa,Artz
Karl,Artzer
Karl,Aruiso
Karla,Aruizu
Karleen,Arujo
Karlene,Arunachalam
Karly,Arundel
Karlyn,Arva
Karma,Arvan
Karmen,Arvanitis
Karol,Arvay
Karole,Arvayo
Karoline,Arvelo
Karolyn,Arvesen
Karon,Arvez
Karren,Arvidson
Karri,Arvie
Karrie,Arview
Karry,Arvin
Kary,Arviso
Karyl,Arvizo
Karyn,Arvizu
Kasandra,Arwood
Kasey,Ary
Kasey,Arya
Kasha,Arzabala
Kasi,Arzaga
Kasie,Arzate
Kassandra,Arzilli
Kassie,Arzo
Kate,Arzola
Katelin,Arzt
Katelyn,Arzu
Katelynn,Asa
Katerine,Asad
Kathaleen,Asaeli
Katharina,Asai
Katharine,Asakura
Katharyn,Asal
Kathe,Asam
Katheleen,Asamoah
Katherin,Asano
Katherina,Asante
Katherine,Asar
Kathern,Asaro
Katheryn,Asato
Kathey,Asay
Kathi,Asbell
Kathie,Asberry
Kathleen,Asbill
Kathlene,Asbridge
Kathline,Asbury
Kathlyn,Asby
Kathrin,Ascencio
Kathrine,Ascensio
Kathryn,Ascenzo
Kathryne,Asch
Kathy,Aschan
Kathyrn,Aschbacher
Kati,Ascheman
Katia,Aschenbach
Katie,Aschenbrener
Katina,Aschenbrenner
Katlyn,Ascher
Katrice,Aschim
Katrina,Aschmann
Kattie,Aschoff
Katy,Ascol
Kay,Ascolese
Kayce,Asebedo
Kaycee,Asel
Kaye,Aselage
Kayla,Aseltine
Kaylee,Asen
Kayleen,Asencio
Kayleigh,Aseng
Kaylene,Asenjo
Kazuko,Asevedo
Kecia,Asfour
Keeley,Ash
Keely,Ashaf
Keena,Ashalintubbi
Keenan,Ashauer
Keesha,Ashbach
Keiko,Ashbacher
Keila,Ashbaugh
Keira,Ashbourne
Keisha,Ashbrook
Keith,Ashburn
Keith,Ashby
Keitha,Ashcraft
Keli,Ashcroft
Kelle,Ashdown
Kellee,Ashe
Kelley,Ashely
Kelley,Ashenfelter
Kelli,Asher
Kellie,Ashfield
Kelly,Ashford
Kelly,Ashing
Kellye,Ashkettle
Kelsey,Ashland
Kelsi,Ashley
Kelsie,Ashlin
Kelvin,Ashline
Kemberly,Ashlock
Ken,Ashly
Kena,Ashman
Kenda,Ashmead
Kendal,Ashmen
Kendall,Ashmore
Kendall,Ashner
Kendra,Ashpole
Kendrick,Ashraf
Keneth,Ashton
Kenia,Ashurst
Kenisha,Ashwell
Kenna,Ashwood
Kenneth,Ashworth
Kenneth,Asiedu
Kennith,Asiello
Kenny,Asif
Kent,Ask
Kenton,Askam
Kenya,Askari
Kenyatta,Aske
Kenyetta,Askegren
Kera,Asken
Keren,Askew
Keri,Askey
Kermit,Askia
Kerri,Askiew
Kerrie,Askin
Kerry,Askins
Kerry,Askland
Kerstin,Askren
Kesha,Askvig
Keshia,Askwith
Keturah,Aslam
Keva,Aslanian
