Theressa,Beards
Theron,Beardslee
Thersa,Beardsley
Thi,Beare
Thomas,Bearfield
Thomas,Bearman
Thomasena,Bears
Thomasina,Bearse
Thomasine,Bearup
Thora,Beary
Thresa,Beas
Thu,Beasley
Thurman,Beasly
Thuy,Beasmore
Tia,Beason
Tiana,Beaston
Tianna,Beat
Tiara,Beath
Tien,Beathe
Tiera,Beatie
Tierra,Beatley
Tiesha,Beato
Tifany,Beaton
Tiffaney,Beatrice
Tiffani,Beatson
Tiffanie,Beattie
Tiffany,Beattle
Tiffiny,Beatty
Tijuana,Beaty
Tilda,Beau
Tillie,Beaubien
Tim,Beaubrun
Timika,Beaucage
Timmy,Beauchaine
Timothy,Beauchamp
Timothy,Beauchemin
Tina,Beauchesne
Tinisha,Beaudet
Tiny,Beaudette
Tisa,Beaudin
Tish,Beaudine
Tisha,Beaudion
Titus,Beaudoin
Tobi,Beaudreau
Tobias,Beaudreault
Tobie,Beaudrie
Toby,Beaudry
Toby,Beaufait
Toccara,Beauford
Tod,Beaufort
Todd,Beaugard
Toi,Beauharnois
Tom,Beaulac
Tomas,Beaule
Tomasa,Beaulieu
Tomeka,Beauliev
Tomi,Beauman
Tomika,Beaumier
Tomiko,Beaumont
Tommie,Beaumonte
Tommie,Beauparlant
Tommy,Beaupre
Tommy,Beauprez
Tommye,Beauregard
Tomoko,Beaureguard
Tona,Beaushaw
Tonda,Beausoleil
Tonette,Beauvais
Toney,Beaven
Toni,Beaver
Tonia,Beavers
Tonie,Beavin
Tonisha,Beavis
Tonita,Beaz
Tonja,Beazer
Tony,Beazley
Tony,Bebber
Tonya,Bebeau
Tora,Bebee
Tori,Beberwyk
Torie,Bebo
Torri,Bebout
Torrie,Beccaria
Tory,Beccue
Tory,Becena
Tosha,Becenti
Toshia,Becera
Toshiko,Becerra
Tova,Becerril
Towanda,Bech
Toya,Bechard
Tracee,Bechel
Tracey,Becher
Tracey,Becherer
Traci,Bechler
Tracie,Bechman
Tracy,Becht
Tracy,Bechtel
Tran,Bechthold
Trang,Bechtol
Travis,Bechtold
Travis,Beck
Treasa,Becka
Treena,Becke
Trena,Beckel
Trent,Beckelheimer
Trenton,Beckelhimer
Tresa,Beckem
Tressa,Beckenbach
Tressie,Beckendorf
Treva,Becker
Trevor,Beckerdite
Trey,Beckerle
Tricia,Beckerman
Trina,Beckers
Trinh,Beckert
Trinidad,Beckes
Trinidad,Becket
Trinity,Beckett
Trish,Beckey
Trisha,Beckfield
Trista,Beckford
Tristan,Beckham
Tristan,Beckim
Troy,Beckius
Troy,Beckler
Trudi,Beckles
Trudie,Beckley
Trudy,Becklin
Trula,Becklund
Truman,Beckman
Tu,Beckmann
Tuan,Beckmeyer
Tula,Becknell
Tuyet,Beckner
Twana,Beckom
Twanda,Beckor
Twanna,Becks
Twila,Beckstead
Twyla,Beckstrand
Ty,Beckstrom
Tyesha,Beckton
Tyisha,Beckum
Tyler,Beckwith
Tyler,Beckworth
Tynisha,Becky
Tyra,Becnel
Tyree,Becraft
Tyrell,Becton
Tyron,Becvar
Tyrone,Becwar
Tyson,Becze
Ula,Bedar
Ulrike,Bedard
Ulysses,Bedatsky
Un,Bedaw
Una,Beddard
Ursula,Beddia
Usha,Beddingfield
Ute,Beddo
Vada,Beddoe
Val,Beddome
Val,Beddow
Valarie,Beddows
Valda,Bede
Valencia,Bedeau
Valene,Bedee
Valentin,Bedeker
Valentina,Bedell
Valentine,Bedenbaugh
Valentine,Bedenfield
Valeri,Beder
Valeria,Bedford
Valerie,Bedgood
Valery,Bedient
Vallie,Bedillion
Valorie,Bedingfield
Valrie,Bedker
Van,Bedlion
Van,Bednar
Vance,Bednarczyk
Vanda,Bednarek
Vanesa,Bednarik
Vanessa,Bednarowicz
Vanetta,Bednarski
Vania,Bednarz
Vanita,Bedner
Vanna,Bedney
Vannesa,Bednorz
Vannessa,Bedocs
Vashti,Bedoka
Vasiliki,Bedolla
Vaughn,Bedonie
Veda,Bedor
Velda,Bedore
Velia,Bedoya
Vella,Bedre
Velma,Bedrosian
Velva,Bedsaul
Velvet,Bedsole
Vena,Bedson
Venessa,Bedward
Venetta,Bedwell
Venice,Bee
Venita,Beebe
Vennie,Beebee
Venus,Beebout
Veola,Beech
Vera,Beecham
Verda,Beecher
Verdell,Beeching
Verdie,Beechler
Verena,Beechner
Vergie,Beechum
Verla,Beeck
Verlene,Beecken
Verlie,Beeckman
Verline,Beecroft
Vern,Beed
Verna,Beede
Vernell,Beedham
Vernetta,Beedle
Vernia,Beedles
Vernice,Beedoo
Vernie,Beedy
Vernita,Beeghly
Vernon,Beegle
Vernon,Beehler
Verona,Beek
Veronica,Beeker
Veronika,Beekman
Veronique,Beeks
Versie,Beel
Vertie,Beelar
Vesta,Beelby
Veta,Beeler
Vi,Beem
Vicenta,Beeman
Vicente,Beemer
Vickey,Beemon
Vicki,Been
Vickie,Beene
Vicky,Beenel
Victor,Beer
Victor,Beerbohm
Victoria,Beere
Victorina,Beerer
Vida,Beerle
Viki,Beerling
Vikki,Beerly
Vilma,Beerman
Vina,Beermann
Vince,Beermudez
Vincent,Beers
Vincenza,Beery
Vincenzo,Bees
Vinita,Beese
Vinnie,Beesley
Viola,Beesmer
Violet,Beeson
Violeta,Beetley
Violette,Beets
Virgen,Beetz
Virgie,Beevers
Virgil,Beezley
Virgil,Befort
Virgilio,Befus
Virgina,Bega
Virginia,Began
Vita,Begay
Vito,Begaye
Viva,Begeal
Vivan,Begeman
Vivian,Begen
Viviana,Beger
Vivien,Begg
Vivienne,Beggs
Von,Beghtol
Voncile,Begin
Vonda,Begley
