Brain,Aguayo
Branda,Agudelo
Brande,Agudo
Brandee,Agueda
Branden,Aguele
Brandi,Aguero
Brandie,Aguiar
Brandon,Aguila
Brandon,Aguilar
Brandy,Aguiler
Brant,Aguilera
Breana,Aguillar
Breann,Aguillard
Breanna,Aguillera
Breanne,Aguillon
Bree,Aguinaga
Brenda,Aguinaldo
Brendan,Aguiniga
Brendon,Aguino
Brenna,Aguire
Brent,Aguirre
Brenton,Agular
Bret,Aguliar
Brett,Agumga
Brett,Agundez
Brian,Agunos
Brian,Aguon
Briana,Agurs
Brianna,Agustin
Brianne,Agustine
Brice,Agustino
Bridget,Agyeman
Bridgett,Ahal
Bridgette,Ahalt
Brigette,Aharon
Brigid,Aharoni
Brigida,Aharonof
Brigitte,Ahart
Brinda,Ahaus
Britany,Ahearn
Britney,Ahern
Britni,Aherns
Britt,Ahhee
Britt,Ahia
Britta,Ahimud
Brittaney,Ahl
Brittani,Ahlberg
Brittanie,Ahlborn
Brittany,Ahlbrecht
Britteny,Ahle
Brittney,Ahlemeyer
Brittni,Ahler
Brittny,Ahlers
Brock,Ahles
Broderick,Ahlf
Bronwyn,Ahlfield
Brook,Ahlgren
Brooke,Ahlheim
Brooks,Ahlin
Bruce,Ahlm
Bruna,Ahlman
Brunilda,Ahlo
Bruno,Ahlquist
Bryan,Ahlstedt
Bryanna,Ahlstrom
Bryant,Ahluwalia
Bryce,Ahmad
Brynn,Ahmadi
Bryon,Ahmann
Buck,Ahmau
Bud,Ahmed
Buddy,Ahn
Buena,Ahne
Buffy,Ahnell
Buford,Ahner
Bula,Aho
Bulah,Aholt
Bunny,Ahonen
Burl,Ahr
Burma,Ahrendes
Burt,Ahrends
Burton,Ahrendt
Buster,Ahrenholtz
Byron,Ahrenholz
Caitlin,Ahrens
Caitlyn,Ahrenstorff
Calandra,Ahrent
Caleb,Ahrns
Calista,Ahsan
Callie,Ahsing
Calvin,Ahuja
Camelia,Ahumada
Camellia,Ahuna
Cameron,Ahyet
Cameron,Ahyou
Cami,Aiava
Camie,Aichele
Camila,Aicklen
Camilla,Aid
Camille,Aidt
Cammie,Aiello
Cammy,Aievoli
Candace,Aigner
Candance,Aihara
Candelaria,Aiken
Candi,Aikens
Candice,Aikey
Candida,Aikin
Candie,Aikins
Candis,Aikman
Candra,Ailes
Candy,Ailey
Candyce,Ailiff
Caprice,Aills
Cara,Ailor
Caren,Ailshire
Carey,Ailstock
Carey,Ailsworth
Cari,Ailts
Caridad,Aimbez
Carie,Aimone
Carin,Aina
Carina,Aines
Carisa,Ainge
Carissa,Aini
Carita,Ainley
Carl,Ainscough
Carl,Ainsley
Carla,Ainslie
Carlee,Ainsworth
Carleen,Aiola
Carlena,Aiona
Carlene,Aipopo
Carletta,Aiporlani
Carley,Aipperspach
Carli,Aird
Carlie,Airhart
Carline,Airington
Carlita,Airola
Carlo,Airth
Carlos,Aispuro
Carlos,Aita
Carlota,Aitcheson
Carlotta,Aitchison
Carlton,Aites
Carly,Aitken
Carlyn,Aitkin
Carma,Aitkins
Carman,Aiton
Carmel,Aiu
Carmela,Aiudi
Carmelia,Aiuto
Carmelina,Aivao
Carmelita,Aiyer
Carmella,Aja
Carmelo,Ajani
Carmen,Ajasin
Carmen,Ajayi
Carmina,Ajello
Carmine,Ajoku
Carmon,Ajose
Carol,Akahi
Carol,Akal
Carola,Akamine
Carolann,Akamiro
Carole,Akana
Carolee,Akande
Carolin,Akapo
Carolina,Akard
Caroline,Akau
Caroll,Akawanzie
Carolyn,Akbar
Carolyne,Akbari
Carolynn,Ake
Caron,Akel
Caroyln,Akemon
Carri,Aken
Carrie,Aker
Carrol,Akerley
Carrol,Akerman
Carroll,Akers
Carroll,Akerson
Carry,Akery
Carson,Akes
Carter,Akey
Cary,Akhand
Cary,Akhavan
Caryl,Akhtar
Carylon,Aki
Caryn,Akiereisen
Casandra,Akim
Casey,Akima
Casey,Akimseu
Casie,Akin
Casimira,Akinrefon
Cassandra,Akins
Cassaundra,Akinyooye
Cassey,Akiona
Cassi,Akiyama
Cassidy,Akkerman
Cassie,Akles
Cassondra,Akley
Cassy,Akmal
Catalina,Ako
Catarina,Akoni
Caterina,Akpan
Catharine,Akram
Catherin,Akre
Catherina,Akridge
Catherine,Akright
Cathern,Aksamit
Catheryn,Aksoy
Cathey,Akuchie
Cathi,Akuna
Cathie,Akwei
Cathleen,Ala
Cathrine,Alacano
Cathryn,Alagna
Cathy,Alai
Catina,Alaibilla
Catrice,Alaimo
Catrina,Alalem
Cayla,Alam
Cecelia,Alambar
Cecil,Alameda
Cecil,Alameida
Cecila,Alamia
Cecile,Alamilla
Cecilia,Alamillo
Cecille,Alamin
Cecily,Alamo
Cedric,Alamos
Cedrick,Alampi
Celena,Alan
Celesta,Aland
Celeste,Alanis
Celestina,Alaniz
Celestine,Alanko
Celia,Alano
Celina,Alapai
Celinda,Alar
Celine,Alarcon
Celsa,Alarcone
Ceola,Alarid
Cesar,Alarie
Chad,Alario
Chadwick,Alas
Chae,Alatorre
Chan,Alatosse
Chana,Alattar
Chance,Alavi
Chanda,Alawdi
Chandra,Alaya
Chanel,Alba
Chanell,Albach
Chanelle,Albair
Chang,Albaladejo
Chang,Alban
Chantal,Albanese
Chantay,Albanez
Chante,Albang
Chantel,Albani
Chantell,Albano
Chantelle,Albany
Chara,Albarado
Charis,Albarazi
Charise,Albares
Charissa,Albarez
Charisse,Albarracin
Charita,Albarran
Charity,Albaugh
Charla,Albe
Charleen,Albea
Charlena,Albee
Charlene,Albelo
Charles,Alben
Charles,Alber
Charlesetta,Alberda
Charlette,Alberding
Charley,Alberg
